target,model,feature,importance,importance_kind
degree_hours_above_comfort,gradient_boosting,thermal_mass_heat_capacity_kj_k,0.2581980713488365,tree_feature_importance
degree_hours_above_comfort,gradient_boosting,mean_outdoor_temperature_c,0.1366230976327669,tree_feature_importance
degree_hours_above_comfort,gradient_boosting,daily_solar_sum_wh_m2,0.12832859655784956,tree_feature_importance
degree_hours_above_comfort,gradient_boosting,window_area_m2,0.12219506445665552,tree_feature_importance
degree_hours_above_comfort,gradient_boosting,roof_insulation_thickness_m,0.07447484285188809,tree_feature_importance
degree_hours_above_comfort,gradient_boosting,window_solar_heat_gain_coefficient,0.0618319191056115,tree_feature_importance
degree_hours_above_comfort,gradient_boosting,maximum_outdoor_temperature_c,0.0537742312431961,tree_feature_importance
degree_hours_above_comfort,gradient_boosting,floor_insulation_thickness_m,0.050654790534337156,tree_feature_importance
degree_hours_above_comfort,gradient_boosting,wall_material_timber,0.029846380726624506,tree_feature_importance
degree_hours_above_comfort,gradient_boosting,minimum_outdoor_temperature_c,0.022638345005592562,tree_feature_importance
degree_hours_above_comfort,gradient_boosting,net_wall_area_m2,0.021845603603601375,tree_feature_importance
degree_hours_above_comfort,gradient_boosting,wall_insulation_thickness_m,0.015387993598395966,tree_feature_importance
degree_hours_above_comfort,gradient_boosting,thermal_mass_material_none,0.013017948145580325,tree_feature_importance
degree_hours_above_comfort,gradient_boosting,length_m,0.005432305657361052,tree_feature_importance
degree_hours_above_comfort,gradient_boosting,volume_m3,0.0022999832872468507,tree_feature_importance
degree_hours_above_comfort,gradient_boosting,floor_area_m2,0.0008858007779696688,tree_feature_importance
degree_hours_above_comfort,gradient_boosting,wall_material_concrete,0.0006338442035711193,tree_feature_importance
degree_hours_above_comfort,gradient_boosting,orientation_cardinal_east,0.00047308406503138433,tree_feature_importance
degree_hours_above_comfort,gradient_boosting,wall_material_stone,0.00041643253289881465,tree_feature_importance
degree_hours_above_comfort,gradient_boosting,wall_material_earth_adobe,0.0003582035740750362,tree_feature_importance
degree_hours_above_comfort,gradient_boosting,window_wall_orientation_west,0.00022006208068459538,tree_feature_importance
degree_hours_above_comfort,gradient_boosting,thermal_mass_material_water,0.00019358561858518833,tree_feature_importance
degree_hours_above_comfort,gradient_boosting,orientation_cardinal_west,0.00010847310394381653,tree_feature_importance
degree_hours_above_comfort,gradient_boosting,orientation_cardinal_south,8.020757519021225e-05,tree_feature_importance
degree_hours_above_comfort,gradient_boosting,window_wall_orientation_north,3.5450454924098264e-05,tree_feature_importance
degree_hours_above_comfort,gradient_boosting,window_wall_orientation_south,1.6113600365775364e-05,tree_feature_importance
degree_hours_above_comfort,gradient_boosting,window_wall_orientation_east,1.4840007031584664e-05,tree_feature_importance
degree_hours_above_comfort,gradient_boosting,orientation_cardinal_north,1.005377655637435e-05,tree_feature_importance
degree_hours_above_comfort,gradient_boosting,wall_material_brick_masonry,4.674873628239147e-06,tree_feature_importance
degree_hours_above_comfort,gradient_boosting,door_area_m2,0.0,tree_feature_importance
degree_hours_above_comfort,gradient_boosting,height_m,0.0,tree_feature_importance
degree_hours_above_comfort,gradient_boosting,thermal_mass_material_stone,0.0,tree_feature_importance
degree_hours_above_comfort,gradient_boosting,width_m,0.0,tree_feature_importance
degree_hours_above_comfort,gradient_boosting,window_u_value_w_m2k,0.0,tree_feature_importance
degree_hours_above_comfort,random_forest,thermal_mass_heat_capacity_kj_k,0.1734850204743101,tree_feature_importance
degree_hours_above_comfort,random_forest,window_area_m2,0.1341188741491511,tree_feature_importance
degree_hours_above_comfort,random_forest,daily_solar_sum_wh_m2,0.11664739516841914,tree_feature_importance
degree_hours_above_comfort,random_forest,roof_insulation_thickness_m,0.11391928873142913,tree_feature_importance
degree_hours_above_comfort,random_forest,window_solar_heat_gain_coefficient,0.07572604022365727,tree_feature_importance
degree_hours_above_comfort,random_forest,maximum_outdoor_temperature_c,0.07523155534183311,tree_feature_importance
degree_hours_above_comfort,random_forest,mean_outdoor_temperature_c,0.06783535747170029,tree_feature_importance
degree_hours_above_comfort,random_forest,wall_material_timber,0.05678949681359861,tree_feature_importance
degree_hours_above_comfort,random_forest,floor_insulation_thickness_m,0.05533359270972608,tree_feature_importance
degree_hours_above_comfort,random_forest,wall_insulation_thickness_m,0.03440783253048442,tree_feature_importance
degree_hours_above_comfort,random_forest,net_wall_area_m2,0.03016750917168666,tree_feature_importance
degree_hours_above_comfort,random_forest,minimum_outdoor_temperature_c,0.015860574231625988,tree_feature_importance
degree_hours_above_comfort,random_forest,length_m,0.009032306920939061,tree_feature_importance
degree_hours_above_comfort,random_forest,floor_area_m2,0.007404018960259907,tree_feature_importance
degree_hours_above_comfort,random_forest,volume_m3,0.007378134748860115,tree_feature_importance
degree_hours_above_comfort,random_forest,orientation_cardinal_east,0.004714566870240087,tree_feature_importance
degree_hours_above_comfort,random_forest,wall_material_concrete,0.0031263702912899304,tree_feature_importance
degree_hours_above_comfort,random_forest,thermal_mass_material_none,0.0026448651027587387,tree_feature_importance
degree_hours_above_comfort,random_forest,orientation_cardinal_south,0.002465548177902517,tree_feature_importance
degree_hours_above_comfort,random_forest,window_wall_orientation_south,0.002145226356084469,tree_feature_importance
degree_hours_above_comfort,random_forest,wall_material_brick_masonry,0.0020828570043731017,tree_feature_importance
degree_hours_above_comfort,random_forest,window_wall_orientation_east,0.0017120589972634476,tree_feature_importance
degree_hours_above_comfort,random_forest,wall_material_stone,0.0016235988952079802,tree_feature_importance
degree_hours_above_comfort,random_forest,wall_material_earth_adobe,0.0013729052790191457,tree_feature_importance
degree_hours_above_comfort,random_forest,thermal_mass_material_stone,0.0012902689066770793,tree_feature_importance
degree_hours_above_comfort,random_forest,window_wall_orientation_west,0.001121707845540548,tree_feature_importance
degree_hours_above_comfort,random_forest,window_wall_orientation_north,0.0008521152895866262,tree_feature_importance
degree_hours_above_comfort,random_forest,orientation_cardinal_west,0.0008280915204373309,tree_feature_importance
degree_hours_above_comfort,random_forest,orientation_cardinal_north,0.0006699394156890014,tree_feature_importance
degree_hours_above_comfort,random_forest,thermal_mass_material_water,1.2882400248988158e-05,tree_feature_importance
degree_hours_above_comfort,random_forest,door_area_m2,0.0,tree_feature_importance
degree_hours_above_comfort,random_forest,height_m,0.0,tree_feature_importance
degree_hours_above_comfort,random_forest,width_m,0.0,tree_feature_importance
degree_hours_above_comfort,random_forest,window_u_value_w_m2k,0.0,tree_feature_importance
degree_hours_below_comfort,gradient_boosting,minimum_outdoor_temperature_c,0.25995058513200936,tree_feature_importance
degree_hours_below_comfort,gradient_boosting,mean_outdoor_temperature_c,0.2523901926973773,tree_feature_importance
degree_hours_below_comfort,gradient_boosting,maximum_outdoor_temperature_c,0.1438244057986534,tree_feature_importance
degree_hours_below_comfort,gradient_boosting,thermal_mass_heat_capacity_kj_k,0.11992480069008532,tree_feature_importance
degree_hours_below_comfort,gradient_boosting,floor_insulation_thickness_m,0.06765023484366037,tree_feature_importance
degree_hours_below_comfort,gradient_boosting,roof_insulation_thickness_m,0.05088961286291252,tree_feature_importance
degree_hours_below_comfort,gradient_boosting,wall_insulation_thickness_m,0.04618167553264245,tree_feature_importance
degree_hours_below_comfort,gradient_boosting,daily_solar_sum_wh_m2,0.039260150176956166,tree_feature_importance
degree_hours_below_comfort,gradient_boosting,window_area_m2,0.006287135399276889,tree_feature_importance
degree_hours_below_comfort,gradient_boosting,wall_material_timber,0.0047875666176227915,tree_feature_importance
degree_hours_below_comfort,gradient_boosting,window_solar_heat_gain_coefficient,0.0032889300994032957,tree_feature_importance
degree_hours_below_comfort,gradient_boosting,thermal_mass_material_stone,0.0018639794648019172,tree_feature_importance
degree_hours_below_comfort,gradient_boosting,net_wall_area_m2,0.0009301097380169561,tree_feature_importance
degree_hours_below_comfort,gradient_boosting,thermal_mass_material_none,0.000824892074639725,tree_feature_importance
degree_hours_below_comfort,gradient_boosting,length_m,0.0003775778544308001,tree_feature_importance
degree_hours_below_comfort,gradient_boosting,volume_m3,0.00034349598863253183,tree_feature_importance
degree_hours_below_comfort,gradient_boosting,floor_area_m2,0.0003421948719439064,tree_feature_importance
degree_hours_below_comfort,gradient_boosting,orientation_cardinal_west,0.0002518942187080535,tree_feature_importance
degree_hours_below_comfort,gradient_boosting,window_wall_orientation_east,0.00019770198518453432,tree_feature_importance
degree_hours_below_comfort,gradient_boosting,wall_material_stone,6.925077469017898e-05,tree_feature_importance
degree_hours_below_comfort,gradient_boosting,orientation_cardinal_east,6.803280921621075e-05,tree_feature_importance
degree_hours_below_comfort,gradient_boosting,window_wall_orientation_west,6.005391295765345e-05,tree_feature_importance
degree_hours_below_comfort,gradient_boosting,orientation_cardinal_south,5.1663600196631934e-05,tree_feature_importance
degree_hours_below_comfort,gradient_boosting,wall_material_brick_masonry,4.511363668817899e-05,tree_feature_importance
degree_hours_below_comfort,gradient_boosting,window_wall_orientation_north,3.7154744181257785e-05,tree_feature_importance
degree_hours_below_comfort,gradient_boosting,wall_material_earth_adobe,3.483566595521778e-05,tree_feature_importance
degree_hours_below_comfort,gradient_boosting,wall_material_concrete,3.1738104262210593e-05,tree_feature_importance
degree_hours_below_comfort,gradient_boosting,thermal_mass_material_water,2.0258988750650543e-05,tree_feature_importance
degree_hours_below_comfort,gradient_boosting,orientation_cardinal_north,1.4761716143533011e-05,tree_feature_importance
degree_hours_below_comfort,gradient_boosting,door_area_m2,0.0,tree_feature_importance
degree_hours_below_comfort,gradient_boosting,height_m,0.0,tree_feature_importance
degree_hours_below_comfort,gradient_boosting,width_m,0.0,tree_feature_importance
degree_hours_below_comfort,gradient_boosting,window_u_value_w_m2k,0.0,tree_feature_importance
degree_hours_below_comfort,gradient_boosting,window_wall_orientation_south,0.0,tree_feature_importance
degree_hours_below_comfort,random_forest,mean_outdoor_temperature_c,0.2971047189829752,tree_feature_importance
degree_hours_below_comfort,random_forest,maximum_outdoor_temperature_c,0.1942045074637281,tree_feature_importance
degree_hours_below_comfort,random_forest,minimum_outdoor_temperature_c,0.16677381296040647,tree_feature_importance
degree_hours_below_comfort,random_forest,thermal_mass_heat_capacity_kj_k,0.12880870954820633,tree_feature_importance
degree_hours_below_comfort,random_forest,floor_insulation_thickness_m,0.06421285655442219,tree_feature_importance
degree_hours_below_comfort,random_forest,roof_insulation_thickness_m,0.04858449398026621,tree_feature_importance
degree_hours_below_comfort,random_forest,wall_insulation_thickness_m,0.04481613167091339,tree_feature_importance
degree_hours_below_comfort,random_forest,daily_solar_sum_wh_m2,0.02177054173136587,tree_feature_importance
degree_hours_below_comfort,random_forest,window_area_m2,0.007432131553293122,tree_feature_importance
degree_hours_below_comfort,random_forest,thermal_mass_material_stone,0.005177246757976059,tree_feature_importance
degree_hours_below_comfort,random_forest,window_solar_heat_gain_coefficient,0.003956709830833587,tree_feature_importance
degree_hours_below_comfort,random_forest,thermal_mass_material_none,0.0028282378759458067,tree_feature_importance
degree_hours_below_comfort,random_forest,wall_material_timber,0.0025412491102201526,tree_feature_importance
degree_hours_below_comfort,random_forest,net_wall_area_m2,0.002302868731471347,tree_feature_importance
degree_hours_below_comfort,random_forest,thermal_mass_material_water,0.001519663733406545,tree_feature_importance
degree_hours_below_comfort,random_forest,volume_m3,0.0012210041668004503,tree_feature_importance
degree_hours_below_comfort,random_forest,length_m,0.0011356841368667986,tree_feature_importance
degree_hours_below_comfort,random_forest,floor_area_m2,0.001107453166212182,tree_feature_importance
degree_hours_below_comfort,random_forest,orientation_cardinal_south,0.0006486301515768108,tree_feature_importance
degree_hours_below_comfort,random_forest,orientation_cardinal_north,0.0005643345774294325,tree_feature_importance
degree_hours_below_comfort,random_forest,wall_material_concrete,0.0005310265042855369,tree_feature_importance
degree_hours_below_comfort,random_forest,wall_material_earth_adobe,0.00039897393570054765,tree_feature_importance
degree_hours_below_comfort,random_forest,window_wall_orientation_east,0.00034286495500123664,tree_feature_importance
degree_hours_below_comfort,random_forest,orientation_cardinal_east,0.0003374689923346691,tree_feature_importance
degree_hours_below_comfort,random_forest,window_wall_orientation_north,0.0003260876904735133,tree_feature_importance
degree_hours_below_comfort,random_forest,window_wall_orientation_west,0.00032117880865520235,tree_feature_importance
degree_hours_below_comfort,random_forest,orientation_cardinal_west,0.0002874144445462757,tree_feature_importance
degree_hours_below_comfort,random_forest,window_wall_orientation_south,0.0002545907699303392,tree_feature_importance
degree_hours_below_comfort,random_forest,wall_material_stone,0.0002469044040810571,tree_feature_importance
degree_hours_below_comfort,random_forest,wall_material_brick_masonry,0.000242502810675704,tree_feature_importance
degree_hours_below_comfort,random_forest,door_area_m2,0.0,tree_feature_importance
degree_hours_below_comfort,random_forest,height_m,0.0,tree_feature_importance
degree_hours_below_comfort,random_forest,width_m,0.0,tree_feature_importance
degree_hours_below_comfort,random_forest,window_u_value_w_m2k,0.0,tree_feature_importance
indoor_temperature_range_c,gradient_boosting,thermal_mass_heat_capacity_kj_k,0.5245984056954879,tree_feature_importance
indoor_temperature_range_c,gradient_boosting,window_area_m2,0.11572330710685261,tree_feature_importance
indoor_temperature_range_c,gradient_boosting,daily_solar_sum_wh_m2,0.059799334185941834,tree_feature_importance
indoor_temperature_range_c,gradient_boosting,window_solar_heat_gain_coefficient,0.05792754285918823,tree_feature_importance
indoor_temperature_range_c,gradient_boosting,roof_insulation_thickness_m,0.04938338262146365,tree_feature_importance
indoor_temperature_range_c,gradient_boosting,thermal_mass_material_none,0.04925313382204754,tree_feature_importance
indoor_temperature_range_c,gradient_boosting,floor_insulation_thickness_m,0.04644777205160196,tree_feature_importance
indoor_temperature_range_c,gradient_boosting,wall_material_timber,0.022948627024232525,tree_feature_importance
indoor_temperature_range_c,gradient_boosting,maximum_outdoor_temperature_c,0.016235650266306318,tree_feature_importance
indoor_temperature_range_c,gradient_boosting,wall_insulation_thickness_m,0.014896587041433778,tree_feature_importance
indoor_temperature_range_c,gradient_boosting,mean_outdoor_temperature_c,0.009516398573846873,tree_feature_importance
indoor_temperature_range_c,gradient_boosting,net_wall_area_m2,0.008154757841516265,tree_feature_importance
indoor_temperature_range_c,gradient_boosting,minimum_outdoor_temperature_c,0.007986010218017958,tree_feature_importance
indoor_temperature_range_c,gradient_boosting,thermal_mass_material_stone,0.006350991986293847,tree_feature_importance
indoor_temperature_range_c,gradient_boosting,length_m,0.004561499062860386,tree_feature_importance
indoor_temperature_range_c,gradient_boosting,volume_m3,0.0016386158793243227,tree_feature_importance
indoor_temperature_range_c,gradient_boosting,wall_material_concrete,0.001431021697327986,tree_feature_importance
indoor_temperature_range_c,gradient_boosting,floor_area_m2,0.0007676602772739155,tree_feature_importance
indoor_temperature_range_c,gradient_boosting,orientation_cardinal_west,0.0006083341182985294,tree_feature_importance
indoor_temperature_range_c,gradient_boosting,window_wall_orientation_east,0.00041557303992515674,tree_feature_importance
indoor_temperature_range_c,gradient_boosting,orientation_cardinal_east,0.0003965185353406185,tree_feature_importance
indoor_temperature_range_c,gradient_boosting,orientation_cardinal_south,0.0002657718845535811,tree_feature_importance
indoor_temperature_range_c,gradient_boosting,wall_material_brick_masonry,0.00022105185331643435,tree_feature_importance
indoor_temperature_range_c,gradient_boosting,orientation_cardinal_north,0.00014770145598828186,tree_feature_importance
indoor_temperature_range_c,gradient_boosting,thermal_mass_material_water,0.00010687746625373686,tree_feature_importance
indoor_temperature_range_c,gradient_boosting,wall_material_stone,9.080631102918185e-05,tree_feature_importance
indoor_temperature_range_c,gradient_boosting,wall_material_earth_adobe,6.317399944548885e-05,tree_feature_importance
indoor_temperature_range_c,gradient_boosting,window_wall_orientation_south,3.823535663434867e-05,tree_feature_importance
indoor_temperature_range_c,gradient_boosting,window_wall_orientation_north,2.5257768196673454e-05,tree_feature_importance
indoor_temperature_range_c,gradient_boosting,door_area_m2,0.0,tree_feature_importance
indoor_temperature_range_c,gradient_boosting,height_m,0.0,tree_feature_importance
indoor_temperature_range_c,gradient_boosting,width_m,0.0,tree_feature_importance
indoor_temperature_range_c,gradient_boosting,window_u_value_w_m2k,0.0,tree_feature_importance
indoor_temperature_range_c,gradient_boosting,window_wall_orientation_west,0.0,tree_feature_importance
indoor_temperature_range_c,random_forest,thermal_mass_heat_capacity_kj_k,0.5349019225034471,tree_feature_importance
indoor_temperature_range_c,random_forest,window_area_m2,0.11027514404341694,tree_feature_importance
indoor_temperature_range_c,random_forest,daily_solar_sum_wh_m2,0.07686972457054801,tree_feature_importance
indoor_temperature_range_c,random_forest,window_solar_heat_gain_coefficient,0.04967456470173878,tree_feature_importance
indoor_temperature_range_c,random_forest,roof_insulation_thickness_m,0.04737583212305542,tree_feature_importance
indoor_temperature_range_c,random_forest,floor_insulation_thickness_m,0.030162060719843294,tree_feature_importance
indoor_temperature_range_c,random_forest,wall_insulation_thickness_m,0.02968065173559407,tree_feature_importance
indoor_temperature_range_c,random_forest,wall_material_timber,0.027699555370709866,tree_feature_importance
indoor_temperature_range_c,random_forest,maximum_outdoor_temperature_c,0.013509252168745762,tree_feature_importance
indoor_temperature_range_c,random_forest,minimum_outdoor_temperature_c,0.013023875741887483,tree_feature_importance
indoor_temperature_range_c,random_forest,mean_outdoor_temperature_c,0.011881453642383773,tree_feature_importance
indoor_temperature_range_c,random_forest,thermal_mass_material_none,0.010299842617318013,tree_feature_importance
indoor_temperature_range_c,random_forest,net_wall_area_m2,0.007577622779650439,tree_feature_importance
indoor_temperature_range_c,random_forest,thermal_mass_material_stone,0.007323536822366279,tree_feature_importance
indoor_temperature_range_c,random_forest,length_m,0.004711304517612836,tree_feature_importance
indoor_temperature_range_c,random_forest,floor_area_m2,0.004257132178611159,tree_feature_importance
indoor_temperature_range_c,random_forest,volume_m3,0.004199694272576643,tree_feature_importance
indoor_temperature_range_c,random_forest,orientation_cardinal_east,0.0038864455853232895,tree_feature_importance
indoor_temperature_range_c,random_forest,window_wall_orientation_north,0.002963000625929043,tree_feature_importance
indoor_temperature_range_c,random_forest,window_wall_orientation_south,0.001991699833034735,tree_feature_importance
indoor_temperature_range_c,random_forest,window_wall_orientation_east,0.0012334876020250293,tree_feature_importance
indoor_temperature_range_c,random_forest,window_wall_orientation_west,0.0011447112593096743,tree_feature_importance
indoor_temperature_range_c,random_forest,wall_material_concrete,0.001008481866379359,tree_feature_importance
indoor_temperature_range_c,random_forest,wall_material_earth_adobe,0.0009839367861542215,tree_feature_importance
indoor_temperature_range_c,random_forest,orientation_cardinal_south,0.0008222910726038815,tree_feature_importance
indoor_temperature_range_c,random_forest,wall_material_stone,0.0007198832374132046,tree_feature_importance
indoor_temperature_range_c,random_forest,wall_material_brick_masonry,0.00066382327025545,tree_feature_importance
indoor_temperature_range_c,random_forest,orientation_cardinal_west,0.0006536733368414036,tree_feature_importance
indoor_temperature_range_c,random_forest,orientation_cardinal_north,0.00045925193253546165,tree_feature_importance
indoor_temperature_range_c,random_forest,thermal_mass_material_water,4.6143082689376595e-05,tree_feature_importance
indoor_temperature_range_c,random_forest,door_area_m2,0.0,tree_feature_importance
indoor_temperature_range_c,random_forest,height_m,0.0,tree_feature_importance
indoor_temperature_range_c,random_forest,width_m,0.0,tree_feature_importance
indoor_temperature_range_c,random_forest,window_u_value_w_m2k,0.0,tree_feature_importance
mean_indoor_temperature_c,gradient_boosting,maximum_outdoor_temperature_c,0.32996127762883526,tree_feature_importance
mean_indoor_temperature_c,gradient_boosting,mean_outdoor_temperature_c,0.26072024217936274,tree_feature_importance
mean_indoor_temperature_c,gradient_boosting,thermal_mass_heat_capacity_kj_k,0.11483045961631849,tree_feature_importance
mean_indoor_temperature_c,gradient_boosting,floor_insulation_thickness_m,0.07578692136972189,tree_feature_importance
mean_indoor_temperature_c,gradient_boosting,roof_insulation_thickness_m,0.05788213076715067,tree_feature_importance
mean_indoor_temperature_c,gradient_boosting,minimum_outdoor_temperature_c,0.048690310426194296,tree_feature_importance
mean_indoor_temperature_c,gradient_boosting,wall_insulation_thickness_m,0.03937269817035842,tree_feature_importance
mean_indoor_temperature_c,gradient_boosting,daily_solar_sum_wh_m2,0.022135599672926602,tree_feature_importance
mean_indoor_temperature_c,gradient_boosting,window_area_m2,0.021824657922293964,tree_feature_importance
mean_indoor_temperature_c,gradient_boosting,window_solar_heat_gain_coefficient,0.013660339292361441,tree_feature_importance
mean_indoor_temperature_c,gradient_boosting,wall_material_timber,0.009503739786945676,tree_feature_importance
mean_indoor_temperature_c,gradient_boosting,net_wall_area_m2,0.0026412633767117096,tree_feature_importance
mean_indoor_temperature_c,gradient_boosting,thermal_mass_material_none,0.0006601969117515824,tree_feature_importance
mean_indoor_temperature_c,gradient_boosting,floor_area_m2,0.0005339924411621756,tree_feature_importance
mean_indoor_temperature_c,gradient_boosting,length_m,0.00041479301268374576,tree_feature_importance
mean_indoor_temperature_c,gradient_boosting,volume_m3,0.000314515270744794,tree_feature_importance
mean_indoor_temperature_c,gradient_boosting,wall_material_stone,0.00027834333889457474,tree_feature_importance
mean_indoor_temperature_c,gradient_boosting,orientation_cardinal_south,0.00027099988669901604,tree_feature_importance
mean_indoor_temperature_c,gradient_boosting,window_wall_orientation_north,0.00016430588270204268,tree_feature_importance
mean_indoor_temperature_c,gradient_boosting,wall_material_concrete,0.00010025114079978703,tree_feature_importance
mean_indoor_temperature_c,gradient_boosting,thermal_mass_material_stone,6.534899868120117e-05,tree_feature_importance
mean_indoor_temperature_c,gradient_boosting,window_wall_orientation_south,5.146227983094316e-05,tree_feature_importance
mean_indoor_temperature_c,gradient_boosting,orientation_cardinal_east,4.907670741046458e-05,tree_feature_importance
mean_indoor_temperature_c,gradient_boosting,orientation_cardinal_north,4.2209175074623915e-05,tree_feature_importance
mean_indoor_temperature_c,gradient_boosting,window_wall_orientation_west,1.7989817372444055e-05,tree_feature_importance
mean_indoor_temperature_c,gradient_boosting,orientation_cardinal_west,1.3658356729812604e-05,tree_feature_importance
mean_indoor_temperature_c,gradient_boosting,window_wall_orientation_east,9.060674476791719e-06,tree_feature_importance
mean_indoor_temperature_c,gradient_boosting,wall_material_brick_masonry,4.155895804804334e-06,tree_feature_importance
mean_indoor_temperature_c,gradient_boosting,door_area_m2,0.0,tree_feature_importance
mean_indoor_temperature_c,gradient_boosting,height_m,0.0,tree_feature_importance
mean_indoor_temperature_c,gradient_boosting,thermal_mass_material_water,0.0,tree_feature_importance
mean_indoor_temperature_c,gradient_boosting,wall_material_earth_adobe,0.0,tree_feature_importance
mean_indoor_temperature_c,gradient_boosting,width_m,0.0,tree_feature_importance
mean_indoor_temperature_c,gradient_boosting,window_u_value_w_m2k,0.0,tree_feature_importance
mean_indoor_temperature_c,random_forest,mean_outdoor_temperature_c,0.21861765999008131,tree_feature_importance
mean_indoor_temperature_c,random_forest,maximum_outdoor_temperature_c,0.21724138701615553,tree_feature_importance
mean_indoor_temperature_c,random_forest,minimum_outdoor_temperature_c,0.19675193207578526,tree_feature_importance
mean_indoor_temperature_c,random_forest,thermal_mass_heat_capacity_kj_k,0.11700346245833723,tree_feature_importance
mean_indoor_temperature_c,random_forest,floor_insulation_thickness_m,0.07755109352874555,tree_feature_importance
mean_indoor_temperature_c,random_forest,roof_insulation_thickness_m,0.06182272366886423,tree_feature_importance
mean_indoor_temperature_c,random_forest,wall_insulation_thickness_m,0.03875791381384691,tree_feature_importance
mean_indoor_temperature_c,random_forest,daily_solar_sum_wh_m2,0.020563492610407703,tree_feature_importance
mean_indoor_temperature_c,random_forest,window_area_m2,0.016310575363249,tree_feature_importance
mean_indoor_temperature_c,random_forest,window_solar_heat_gain_coefficient,0.012028231535134064,tree_feature_importance
mean_indoor_temperature_c,random_forest,wall_material_timber,0.004915205956212845,tree_feature_importance
mean_indoor_temperature_c,random_forest,net_wall_area_m2,0.004785176004733745,tree_feature_importance
mean_indoor_temperature_c,random_forest,thermal_mass_material_none,0.0015774336693302746,tree_feature_importance
mean_indoor_temperature_c,random_forest,floor_area_m2,0.0015756915674585892,tree_feature_importance
mean_indoor_temperature_c,random_forest,length_m,0.0014804801904061287,tree_feature_importance
mean_indoor_temperature_c,random_forest,volume_m3,0.0014570725265376683,tree_feature_importance
mean_indoor_temperature_c,random_forest,thermal_mass_material_water,0.0011027691677556527,tree_feature_importance
mean_indoor_temperature_c,random_forest,orientation_cardinal_south,0.0010290150795467647,tree_feature_importance
mean_indoor_temperature_c,random_forest,thermal_mass_material_stone,0.0008220644384156997,tree_feature_importance
mean_indoor_temperature_c,random_forest,orientation_cardinal_north,0.0006197683072307673,tree_feature_importance
mean_indoor_temperature_c,random_forest,orientation_cardinal_east,0.0005810206003910953,tree_feature_importance
mean_indoor_temperature_c,random_forest,wall_material_earth_adobe,0.0004777587833382497,tree_feature_importance
mean_indoor_temperature_c,random_forest,wall_material_concrete,0.00045250062061549004,tree_feature_importance
mean_indoor_temperature_c,random_forest,window_wall_orientation_west,0.0004440296930843467,tree_feature_importance
mean_indoor_temperature_c,random_forest,window_wall_orientation_east,0.00040670246301419534,tree_feature_importance
mean_indoor_temperature_c,random_forest,window_wall_orientation_north,0.00038850995941706293,tree_feature_importance
mean_indoor_temperature_c,random_forest,orientation_cardinal_west,0.00034916936452856015,tree_feature_importance
mean_indoor_temperature_c,random_forest,wall_material_stone,0.000344391271449409,tree_feature_importance
mean_indoor_temperature_c,random_forest,window_wall_orientation_south,0.0002877473174226805,tree_feature_importance
mean_indoor_temperature_c,random_forest,wall_material_brick_masonry,0.0002550209585040231,tree_feature_importance
mean_indoor_temperature_c,random_forest,door_area_m2,0.0,tree_feature_importance
mean_indoor_temperature_c,random_forest,height_m,0.0,tree_feature_importance
mean_indoor_temperature_c,random_forest,width_m,0.0,tree_feature_importance
mean_indoor_temperature_c,random_forest,window_u_value_w_m2k,0.0,tree_feature_importance
minimum_indoor_temperature_c,gradient_boosting,mean_outdoor_temperature_c,0.26899018663225466,tree_feature_importance
minimum_indoor_temperature_c,gradient_boosting,thermal_mass_heat_capacity_kj_k,0.23459437009518708,tree_feature_importance
minimum_indoor_temperature_c,gradient_boosting,minimum_outdoor_temperature_c,0.2078360773676935,tree_feature_importance
minimum_indoor_temperature_c,gradient_boosting,maximum_outdoor_temperature_c,0.12385110140787972,tree_feature_importance
minimum_indoor_temperature_c,gradient_boosting,floor_insulation_thickness_m,0.0556683848724462,tree_feature_importance
minimum_indoor_temperature_c,gradient_boosting,wall_insulation_thickness_m,0.04786310955468432,tree_feature_importance
minimum_indoor_temperature_c,gradient_boosting,roof_insulation_thickness_m,0.04239218226265523,tree_feature_importance
minimum_indoor_temperature_c,gradient_boosting,thermal_mass_material_none,0.00527796350601981,tree_feature_importance
minimum_indoor_temperature_c,gradient_boosting,daily_solar_sum_wh_m2,0.005045771388582047,tree_feature_importance
minimum_indoor_temperature_c,gradient_boosting,window_area_m2,0.001964180368573009,tree_feature_importance
minimum_indoor_temperature_c,gradient_boosting,wall_material_timber,0.0015671315142365663,tree_feature_importance
minimum_indoor_temperature_c,gradient_boosting,net_wall_area_m2,0.001145660142039931,tree_feature_importance
minimum_indoor_temperature_c,gradient_boosting,window_solar_heat_gain_coefficient,0.0009573369797011293,tree_feature_importance
minimum_indoor_temperature_c,gradient_boosting,floor_area_m2,0.0008294724781386601,tree_feature_importance
minimum_indoor_temperature_c,gradient_boosting,volume_m3,0.0005061287618183383,tree_feature_importance
minimum_indoor_temperature_c,gradient_boosting,length_m,0.0004843949820835388,tree_feature_importance
minimum_indoor_temperature_c,gradient_boosting,thermal_mass_material_water,0.0002746778642383402,tree_feature_importance
minimum_indoor_temperature_c,gradient_boosting,orientation_cardinal_west,0.00017802875859043683,tree_feature_importance
minimum_indoor_temperature_c,gradient_boosting,window_wall_orientation_north,0.0001490926028828162,tree_feature_importance
minimum_indoor_temperature_c,gradient_boosting,window_wall_orientation_west,0.00012814743227930326,tree_feature_importance
minimum_indoor_temperature_c,gradient_boosting,orientation_cardinal_south,0.00010854647464425917,tree_feature_importance
minimum_indoor_temperature_c,gradient_boosting,wall_material_earth_adobe,7.224748522719003e-05,tree_feature_importance
minimum_indoor_temperature_c,gradient_boosting,orientation_cardinal_north,4.6964458784664535e-05,tree_feature_importance
minimum_indoor_temperature_c,gradient_boosting,window_wall_orientation_east,2.433287896364414e-05,tree_feature_importance
minimum_indoor_temperature_c,gradient_boosting,thermal_mass_material_stone,1.9838009876445153e-05,tree_feature_importance
minimum_indoor_temperature_c,gradient_boosting,orientation_cardinal_east,1.2319047922732623e-05,tree_feature_importance
minimum_indoor_temperature_c,gradient_boosting,wall_material_stone,4.572499717139512e-06,tree_feature_importance
minimum_indoor_temperature_c,gradient_boosting,wall_material_concrete,3.081326383832606e-06,tree_feature_importance
minimum_indoor_temperature_c,gradient_boosting,wall_material_brick_masonry,2.7854666321652937e-06,tree_feature_importance
minimum_indoor_temperature_c,gradient_boosting,window_wall_orientation_south,1.913379863154691e-06,tree_feature_importance
minimum_indoor_temperature_c,gradient_boosting,door_area_m2,0.0,tree_feature_importance
minimum_indoor_temperature_c,gradient_boosting,height_m,0.0,tree_feature_importance
minimum_indoor_temperature_c,gradient_boosting,width_m,0.0,tree_feature_importance
minimum_indoor_temperature_c,gradient_boosting,window_u_value_w_m2k,0.0,tree_feature_importance
minimum_indoor_temperature_c,random_forest,thermal_mass_heat_capacity_kj_k,0.24243602796428382,tree_feature_importance
minimum_indoor_temperature_c,random_forest,mean_outdoor_temperature_c,0.1994731697685718,tree_feature_importance
minimum_indoor_temperature_c,random_forest,minimum_outdoor_temperature_c,0.19615800571322764,tree_feature_importance
minimum_indoor_temperature_c,random_forest,maximum_outdoor_temperature_c,0.19284878700468902,tree_feature_importance
minimum_indoor_temperature_c,random_forest,wall_insulation_thickness_m,0.050136867550741926,tree_feature_importance
minimum_indoor_temperature_c,random_forest,floor_insulation_thickness_m,0.047214228331687924,tree_feature_importance
minimum_indoor_temperature_c,random_forest,roof_insulation_thickness_m,0.04066806170356994,tree_feature_importance
minimum_indoor_temperature_c,random_forest,thermal_mass_material_water,0.005592608989114762,tree_feature_importance
minimum_indoor_temperature_c,random_forest,daily_solar_sum_wh_m2,0.005010268334121181,tree_feature_importance
minimum_indoor_temperature_c,random_forest,window_area_m2,0.004074271373776425,tree_feature_importance
minimum_indoor_temperature_c,random_forest,window_solar_heat_gain_coefficient,0.002984206987710669,tree_feature_importance
minimum_indoor_temperature_c,random_forest,thermal_mass_material_none,0.00261925968320749,tree_feature_importance
minimum_indoor_temperature_c,random_forest,net_wall_area_m2,0.0019462000883490689,tree_feature_importance
minimum_indoor_temperature_c,random_forest,thermal_mass_material_stone,0.0018874143717665533,tree_feature_importance
minimum_indoor_temperature_c,random_forest,length_m,0.0009444875426097345,tree_feature_importance
minimum_indoor_temperature_c,random_forest,wall_material_timber,0.0009199345981789805,tree_feature_importance
minimum_indoor_temperature_c,random_forest,floor_area_m2,0.0009077837954467877,tree_feature_importance
minimum_indoor_temperature_c,random_forest,volume_m3,0.0008572695248245851,tree_feature_importance
minimum_indoor_temperature_c,random_forest,wall_material_earth_adobe,0.00041708025372874565,tree_feature_importance
minimum_indoor_temperature_c,random_forest,orientation_cardinal_south,0.0003773547422007198,tree_feature_importance
minimum_indoor_temperature_c,random_forest,orientation_cardinal_north,0.0003284407111795589,tree_feature_importance
minimum_indoor_temperature_c,random_forest,orientation_cardinal_east,0.00032143626098680837,tree_feature_importance
minimum_indoor_temperature_c,random_forest,wall_material_concrete,0.00028949898346850397,tree_feature_importance
minimum_indoor_temperature_c,random_forest,orientation_cardinal_west,0.0002874371946489596,tree_feature_importance
minimum_indoor_temperature_c,random_forest,wall_material_brick_masonry,0.0002788483099630444,tree_feature_importance
minimum_indoor_temperature_c,random_forest,window_wall_orientation_north,0.00027336688598523004,tree_feature_importance
minimum_indoor_temperature_c,random_forest,window_wall_orientation_west,0.0002485327783348324,tree_feature_importance
minimum_indoor_temperature_c,random_forest,window_wall_orientation_east,0.0002322066138729624,tree_feature_importance
minimum_indoor_temperature_c,random_forest,window_wall_orientation_south,0.0001364291082762157,tree_feature_importance
minimum_indoor_temperature_c,random_forest,wall_material_stone,0.0001305148314760421,tree_feature_importance
minimum_indoor_temperature_c,random_forest,door_area_m2,0.0,tree_feature_importance
minimum_indoor_temperature_c,random_forest,height_m,0.0,tree_feature_importance
minimum_indoor_temperature_c,random_forest,width_m,0.0,tree_feature_importance
minimum_indoor_temperature_c,random_forest,window_u_value_w_m2k,0.0,tree_feature_importance
percent_time_comfortable,gradient_boosting,thermal_mass_heat_capacity_kj_k,0.3105960904841708,tree_feature_importance
percent_time_comfortable,gradient_boosting,maximum_outdoor_temperature_c,0.20956525800447096,tree_feature_importance
percent_time_comfortable,gradient_boosting,mean_outdoor_temperature_c,0.17177874554560954,tree_feature_importance
percent_time_comfortable,gradient_boosting,minimum_outdoor_temperature_c,0.06508835352444123,tree_feature_importance
percent_time_comfortable,gradient_boosting,window_area_m2,0.04891342349391266,tree_feature_importance
percent_time_comfortable,gradient_boosting,thermal_mass_material_stone,0.036209389081256094,tree_feature_importance
percent_time_comfortable,gradient_boosting,floor_insulation_thickness_m,0.03508650499222364,tree_feature_importance
percent_time_comfortable,gradient_boosting,wall_insulation_thickness_m,0.030566709112766894,tree_feature_importance
percent_time_comfortable,gradient_boosting,roof_insulation_thickness_m,0.02385860136546395,tree_feature_importance
percent_time_comfortable,gradient_boosting,daily_solar_sum_wh_m2,0.022665265284776314,tree_feature_importance
percent_time_comfortable,gradient_boosting,window_solar_heat_gain_coefficient,0.019333154733604193,tree_feature_importance
percent_time_comfortable,gradient_boosting,floor_area_m2,0.005220557001604642,tree_feature_importance
percent_time_comfortable,gradient_boosting,net_wall_area_m2,0.004883685352855277,tree_feature_importance
percent_time_comfortable,gradient_boosting,length_m,0.003424976115741035,tree_feature_importance
percent_time_comfortable,gradient_boosting,orientation_cardinal_north,0.003141760203172494,tree_feature_importance
percent_time_comfortable,gradient_boosting,volume_m3,0.002474593540389136,tree_feature_importance
percent_time_comfortable,gradient_boosting,wall_material_stone,0.0022287833207817087,tree_feature_importance
percent_time_comfortable,gradient_boosting,window_wall_orientation_north,0.001892848553027092,tree_feature_importance
percent_time_comfortable,gradient_boosting,wall_material_earth_adobe,0.0008507420382960027,tree_feature_importance
percent_time_comfortable,gradient_boosting,thermal_mass_material_none,0.0007107931908894973,tree_feature_importance
percent_time_comfortable,gradient_boosting,thermal_mass_material_water,0.000550791336247212,tree_feature_importance
percent_time_comfortable,gradient_boosting,wall_material_brick_masonry,0.00038132228749340513,tree_feature_importance
percent_time_comfortable,gradient_boosting,orientation_cardinal_west,0.00024985399974424173,tree_feature_importance
percent_time_comfortable,gradient_boosting,wall_material_timber,0.0001746498742438696,tree_feature_importance
percent_time_comfortable,gradient_boosting,wall_material_concrete,0.00014755331797580078,tree_feature_importance
percent_time_comfortable,gradient_boosting,orientation_cardinal_east,5.59424484228229e-06,tree_feature_importance
percent_time_comfortable,gradient_boosting,door_area_m2,0.0,tree_feature_importance
percent_time_comfortable,gradient_boosting,height_m,0.0,tree_feature_importance
percent_time_comfortable,gradient_boosting,orientation_cardinal_south,0.0,tree_feature_importance
percent_time_comfortable,gradient_boosting,width_m,0.0,tree_feature_importance
percent_time_comfortable,gradient_boosting,window_u_value_w_m2k,0.0,tree_feature_importance
percent_time_comfortable,gradient_boosting,window_wall_orientation_east,0.0,tree_feature_importance
percent_time_comfortable,gradient_boosting,window_wall_orientation_south,0.0,tree_feature_importance
percent_time_comfortable,gradient_boosting,window_wall_orientation_west,0.0,tree_feature_importance
percent_time_comfortable,random_forest,thermal_mass_heat_capacity_kj_k,0.26560734981861706,tree_feature_importance
percent_time_comfortable,random_forest,maximum_outdoor_temperature_c,0.14688333015107402,tree_feature_importance
percent_time_comfortable,random_forest,mean_outdoor_temperature_c,0.12910618856000453,tree_feature_importance
percent_time_comfortable,random_forest,window_area_m2,0.08978036630005813,tree_feature_importance
percent_time_comfortable,random_forest,floor_insulation_thickness_m,0.06881720013639636,tree_feature_importance
percent_time_comfortable,random_forest,wall_insulation_thickness_m,0.048616031107665963,tree_feature_importance
percent_time_comfortable,random_forest,minimum_outdoor_temperature_c,0.04422926391589748,tree_feature_importance
percent_time_comfortable,random_forest,roof_insulation_thickness_m,0.04206072324299632,tree_feature_importance
percent_time_comfortable,random_forest,daily_solar_sum_wh_m2,0.03103293998894855,tree_feature_importance
percent_time_comfortable,random_forest,window_solar_heat_gain_coefficient,0.028001566603896234,tree_feature_importance
percent_time_comfortable,random_forest,thermal_mass_material_stone,0.01993824520166789,tree_feature_importance
percent_time_comfortable,random_forest,net_wall_area_m2,0.015900965427142748,tree_feature_importance
percent_time_comfortable,random_forest,volume_m3,0.00905057190492293,tree_feature_importance
percent_time_comfortable,random_forest,floor_area_m2,0.008841285201116456,tree_feature_importance
percent_time_comfortable,random_forest,length_m,0.008669094842638956,tree_feature_importance
percent_time_comfortable,random_forest,thermal_mass_material_none,0.004857983714104283,tree_feature_importance
percent_time_comfortable,random_forest,window_wall_orientation_west,0.004817704677962017,tree_feature_importance
percent_time_comfortable,random_forest,wall_material_timber,0.0038532607995549043,tree_feature_importance
percent_time_comfortable,random_forest,window_wall_orientation_north,0.0038195554046716,tree_feature_importance
percent_time_comfortable,random_forest,orientation_cardinal_south,0.003383862416700904,tree_feature_importance
percent_time_comfortable,random_forest,window_wall_orientation_south,0.0032783718014463906,tree_feature_importance
percent_time_comfortable,random_forest,orientation_cardinal_east,0.002538810406225293,tree_feature_importance
percent_time_comfortable,random_forest,orientation_cardinal_north,0.0023773795404714746,tree_feature_importance
percent_time_comfortable,random_forest,window_wall_orientation_east,0.0022517355857349397,tree_feature_importance
percent_time_comfortable,random_forest,wall_material_stone,0.0022343816218710014,tree_feature_importance
percent_time_comfortable,random_forest,wall_material_brick_masonry,0.002123582612712493,tree_feature_importance
percent_time_comfortable,random_forest,wall_material_concrete,0.002106648795710058,tree_feature_importance
percent_time_comfortable,random_forest,orientation_cardinal_west,0.0020958349427732167,tree_feature_importance
percent_time_comfortable,random_forest,thermal_mass_material_water,0.0018916066254788628,tree_feature_importance
percent_time_comfortable,random_forest,wall_material_earth_adobe,0.0018341586515389762,tree_feature_importance
percent_time_comfortable,random_forest,door_area_m2,0.0,tree_feature_importance
percent_time_comfortable,random_forest,height_m,0.0,tree_feature_importance
percent_time_comfortable,random_forest,width_m,0.0,tree_feature_importance
percent_time_comfortable,random_forest,window_u_value_w_m2k,0.0,tree_feature_importance
thermal_mass_net_kwh,gradient_boosting,thermal_mass_heat_capacity_kj_k,0.3876392347962015,tree_feature_importance
thermal_mass_net_kwh,gradient_boosting,minimum_outdoor_temperature_c,0.13941458758845468,tree_feature_importance
thermal_mass_net_kwh,gradient_boosting,wall_insulation_thickness_m,0.11712001845276314,tree_feature_importance
thermal_mass_net_kwh,gradient_boosting,mean_outdoor_temperature_c,0.11235803448254557,tree_feature_importance
thermal_mass_net_kwh,gradient_boosting,maximum_outdoor_temperature_c,0.09400209621851556,tree_feature_importance
thermal_mass_net_kwh,gradient_boosting,roof_insulation_thickness_m,0.06813760032143526,tree_feature_importance
thermal_mass_net_kwh,gradient_boosting,floor_insulation_thickness_m,0.04679214303200223,tree_feature_importance
thermal_mass_net_kwh,gradient_boosting,window_solar_heat_gain_coefficient,0.006444739458548599,tree_feature_importance
thermal_mass_net_kwh,gradient_boosting,daily_solar_sum_wh_m2,0.005582803689754229,tree_feature_importance
thermal_mass_net_kwh,gradient_boosting,window_area_m2,0.005548558633807386,tree_feature_importance
thermal_mass_net_kwh,gradient_boosting,thermal_mass_material_water,0.005196627095223637,tree_feature_importance
thermal_mass_net_kwh,gradient_boosting,thermal_mass_material_none,0.0035496014558335565,tree_feature_importance
thermal_mass_net_kwh,gradient_boosting,net_wall_area_m2,0.0027840662036128978,tree_feature_importance
thermal_mass_net_kwh,gradient_boosting,thermal_mass_material_stone,0.001468013670982096,tree_feature_importance
thermal_mass_net_kwh,gradient_boosting,orientation_cardinal_west,0.001070325399266172,tree_feature_importance
thermal_mass_net_kwh,gradient_boosting,wall_material_timber,0.0007242177562932053,tree_feature_importance
thermal_mass_net_kwh,gradient_boosting,length_m,0.0005213989433908154,tree_feature_importance
thermal_mass_net_kwh,gradient_boosting,volume_m3,0.0005096004986862704,tree_feature_importance
thermal_mass_net_kwh,gradient_boosting,floor_area_m2,0.0003169389289012197,tree_feature_importance
thermal_mass_net_kwh,gradient_boosting,wall_material_stone,0.00026895496771756484,tree_feature_importance
thermal_mass_net_kwh,gradient_boosting,window_wall_orientation_west,0.00013919262175891766,tree_feature_importance
thermal_mass_net_kwh,gradient_boosting,window_wall_orientation_east,0.00011026057723986664,tree_feature_importance
thermal_mass_net_kwh,gradient_boosting,orientation_cardinal_north,9.588760056357989e-05,tree_feature_importance
thermal_mass_net_kwh,gradient_boosting,orientation_cardinal_south,6.95693549903994e-05,tree_feature_importance
thermal_mass_net_kwh,gradient_boosting,orientation_cardinal_east,6.267298282776909e-05,tree_feature_importance
thermal_mass_net_kwh,gradient_boosting,window_wall_orientation_north,3.538917399609344e-05,tree_feature_importance
thermal_mass_net_kwh,gradient_boosting,wall_material_earth_adobe,1.7518494455159455e-05,tree_feature_importance
thermal_mass_net_kwh,gradient_boosting,window_wall_orientation_south,1.1660373028186978e-05,tree_feature_importance
thermal_mass_net_kwh,gradient_boosting,wall_material_concrete,8.287227204543376e-06,tree_feature_importance
thermal_mass_net_kwh,gradient_boosting,door_area_m2,0.0,tree_feature_importance
thermal_mass_net_kwh,gradient_boosting,height_m,0.0,tree_feature_importance
thermal_mass_net_kwh,gradient_boosting,wall_material_brick_masonry,0.0,tree_feature_importance
thermal_mass_net_kwh,gradient_boosting,width_m,0.0,tree_feature_importance
thermal_mass_net_kwh,gradient_boosting,window_u_value_w_m2k,0.0,tree_feature_importance
thermal_mass_net_kwh,random_forest,thermal_mass_heat_capacity_kj_k,0.3573571291141369,tree_feature_importance
thermal_mass_net_kwh,random_forest,maximum_outdoor_temperature_c,0.12941296631114477,tree_feature_importance
thermal_mass_net_kwh,random_forest,minimum_outdoor_temperature_c,0.11263649367516454,tree_feature_importance
thermal_mass_net_kwh,random_forest,mean_outdoor_temperature_c,0.10809815156201168,tree_feature_importance
thermal_mass_net_kwh,random_forest,wall_insulation_thickness_m,0.10758066524160764,tree_feature_importance
thermal_mass_net_kwh,random_forest,roof_insulation_thickness_m,0.07191328112665975,tree_feature_importance
thermal_mass_net_kwh,random_forest,floor_insulation_thickness_m,0.05224050131522135,tree_feature_importance
thermal_mass_net_kwh,random_forest,window_area_m2,0.017837713410470628,tree_feature_importance
thermal_mass_net_kwh,random_forest,daily_solar_sum_wh_m2,0.010915799822400716,tree_feature_importance
thermal_mass_net_kwh,random_forest,window_solar_heat_gain_coefficient,0.005564430384953548,tree_feature_importance
thermal_mass_net_kwh,random_forest,net_wall_area_m2,0.004307370805296227,tree_feature_importance
thermal_mass_net_kwh,random_forest,thermal_mass_material_water,0.002347295767312793,tree_feature_importance
thermal_mass_net_kwh,random_forest,thermal_mass_material_stone,0.0022892298626729906,tree_feature_importance
thermal_mass_net_kwh,random_forest,orientation_cardinal_south,0.0020730714467051955,tree_feature_importance
thermal_mass_net_kwh,random_forest,volume_m3,0.002044951146126876,tree_feature_importance
thermal_mass_net_kwh,random_forest,floor_area_m2,0.001809531172628328,tree_feature_importance
thermal_mass_net_kwh,random_forest,length_m,0.0017014568549449452,tree_feature_importance
thermal_mass_net_kwh,random_forest,wall_material_stone,0.0014377542190177734,tree_feature_importance
thermal_mass_net_kwh,random_forest,wall_material_concrete,0.0013547829387448949,tree_feature_importance
thermal_mass_net_kwh,random_forest,wall_material_brick_masonry,0.001316459891362782,tree_feature_importance
thermal_mass_net_kwh,random_forest,wall_material_timber,0.0010686976630299805,tree_feature_importance
thermal_mass_net_kwh,random_forest,orientation_cardinal_north,0.001023743125670528,tree_feature_importance
thermal_mass_net_kwh,random_forest,thermal_mass_material_none,0.0008296274685787972,tree_feature_importance
thermal_mass_net_kwh,random_forest,window_wall_orientation_west,0.0005955847715941877,tree_feature_importance
thermal_mass_net_kwh,random_forest,window_wall_orientation_east,0.0004853931220432463,tree_feature_importance
thermal_mass_net_kwh,random_forest,window_wall_orientation_north,0.0004531432335782438,tree_feature_importance
thermal_mass_net_kwh,random_forest,window_wall_orientation_south,0.0003959070917926285,tree_feature_importance
thermal_mass_net_kwh,random_forest,orientation_cardinal_east,0.00036580054502992007,tree_feature_importance
thermal_mass_net_kwh,random_forest,orientation_cardinal_west,0.0003214987080860398,tree_feature_importance
thermal_mass_net_kwh,random_forest,wall_material_earth_adobe,0.00022156820201213603,tree_feature_importance
thermal_mass_net_kwh,random_forest,door_area_m2,0.0,tree_feature_importance
thermal_mass_net_kwh,random_forest,height_m,0.0,tree_feature_importance
thermal_mass_net_kwh,random_forest,width_m,0.0,tree_feature_importance
thermal_mass_net_kwh,random_forest,window_u_value_w_m2k,0.0,tree_feature_importance
total_heat_loss_kwh,gradient_boosting,thermal_mass_heat_capacity_kj_k,0.3902772568262009,tree_feature_importance
total_heat_loss_kwh,gradient_boosting,wall_insulation_thickness_m,0.1353383760995389,tree_feature_importance
total_heat_loss_kwh,gradient_boosting,minimum_outdoor_temperature_c,0.10886252832291411,tree_feature_importance
total_heat_loss_kwh,gradient_boosting,window_area_m2,0.10329315793504348,tree_feature_importance
total_heat_loss_kwh,gradient_boosting,roof_insulation_thickness_m,0.06046417348669371,tree_feature_importance
total_heat_loss_kwh,gradient_boosting,maximum_outdoor_temperature_c,0.05778004625540104,tree_feature_importance
total_heat_loss_kwh,gradient_boosting,floor_insulation_thickness_m,0.04824448376815526,tree_feature_importance
total_heat_loss_kwh,gradient_boosting,mean_outdoor_temperature_c,0.0431102142632408,tree_feature_importance
total_heat_loss_kwh,gradient_boosting,daily_solar_sum_wh_m2,0.02614831382286854,tree_feature_importance
total_heat_loss_kwh,gradient_boosting,window_solar_heat_gain_coefficient,0.012922418781663949,tree_feature_importance
total_heat_loss_kwh,gradient_boosting,thermal_mass_material_water,0.00558211089252386,tree_feature_importance
total_heat_loss_kwh,gradient_boosting,thermal_mass_material_none,0.0028254482583444976,tree_feature_importance
total_heat_loss_kwh,gradient_boosting,net_wall_area_m2,0.0016442716240938208,tree_feature_importance
total_heat_loss_kwh,gradient_boosting,length_m,0.0009164578993964932,tree_feature_importance
total_heat_loss_kwh,gradient_boosting,floor_area_m2,0.0006570914962252896,tree_feature_importance
total_heat_loss_kwh,gradient_boosting,volume_m3,0.0005242345952272072,tree_feature_importance
total_heat_loss_kwh,gradient_boosting,wall_material_stone,0.00038717509033998524,tree_feature_importance
total_heat_loss_kwh,gradient_boosting,window_wall_orientation_west,0.00025263223606235014,tree_feature_importance
total_heat_loss_kwh,gradient_boosting,orientation_cardinal_west,0.0001522216086184115,tree_feature_importance
total_heat_loss_kwh,gradient_boosting,wall_material_timber,0.00014188137406464575,tree_feature_importance
total_heat_loss_kwh,gradient_boosting,wall_material_brick_masonry,0.0001393295606507142,tree_feature_importance
total_heat_loss_kwh,gradient_boosting,orientation_cardinal_north,0.00012209768845539165,tree_feature_importance
total_heat_loss_kwh,gradient_boosting,thermal_mass_material_stone,7.674032573833426e-05,tree_feature_importance
total_heat_loss_kwh,gradient_boosting,window_wall_orientation_south,5.005458934849205e-05,tree_feature_importance
total_heat_loss_kwh,gradient_boosting,window_wall_orientation_north,3.619563914378455e-05,tree_feature_importance
total_heat_loss_kwh,gradient_boosting,wall_material_concrete,3.146473158072549e-05,tree_feature_importance
total_heat_loss_kwh,gradient_boosting,orientation_cardinal_east,1.5267917750019743e-05,tree_feature_importance
total_heat_loss_kwh,gradient_boosting,window_wall_orientation_east,4.354910715168793e-06,tree_feature_importance
total_heat_loss_kwh,gradient_boosting,door_area_m2,0.0,tree_feature_importance
total_heat_loss_kwh,gradient_boosting,height_m,0.0,tree_feature_importance
total_heat_loss_kwh,gradient_boosting,orientation_cardinal_south,0.0,tree_feature_importance
total_heat_loss_kwh,gradient_boosting,wall_material_earth_adobe,0.0,tree_feature_importance
total_heat_loss_kwh,gradient_boosting,width_m,0.0,tree_feature_importance
total_heat_loss_kwh,gradient_boosting,window_u_value_w_m2k,0.0,tree_feature_importance
total_heat_loss_kwh,random_forest,thermal_mass_heat_capacity_kj_k,0.34183290598177385,tree_feature_importance
total_heat_loss_kwh,random_forest,wall_insulation_thickness_m,0.11423827168726197,tree_feature_importance
total_heat_loss_kwh,random_forest,minimum_outdoor_temperature_c,0.11210933529931058,tree_feature_importance
total_heat_loss_kwh,random_forest,window_area_m2,0.10866861825386934,tree_feature_importance
total_heat_loss_kwh,random_forest,roof_insulation_thickness_m,0.06923891678793538,tree_feature_importance
total_heat_loss_kwh,random_forest,floor_insulation_thickness_m,0.06461402490614723,tree_feature_importance
total_heat_loss_kwh,random_forest,mean_outdoor_temperature_c,0.06118138071121242,tree_feature_importance
total_heat_loss_kwh,random_forest,maximum_outdoor_temperature_c,0.039849912402699285,tree_feature_importance
total_heat_loss_kwh,random_forest,daily_solar_sum_wh_m2,0.030776619467308714,tree_feature_importance
total_heat_loss_kwh,random_forest,window_solar_heat_gain_coefficient,0.017441614084694416,tree_feature_importance
total_heat_loss_kwh,random_forest,thermal_mass_material_water,0.00646540823196339,tree_feature_importance
total_heat_loss_kwh,random_forest,net_wall_area_m2,0.005751460010423294,tree_feature_importance
total_heat_loss_kwh,random_forest,floor_area_m2,0.0033770928342607433,tree_feature_importance
total_heat_loss_kwh,random_forest,volume_m3,0.0031056554933195034,tree_feature_importance
total_heat_loss_kwh,random_forest,length_m,0.0029722218619570163,tree_feature_importance
total_heat_loss_kwh,random_forest,thermal_mass_material_stone,0.0024663655462742054,tree_feature_importance
total_heat_loss_kwh,random_forest,wall_material_stone,0.0023452979940699215,tree_feature_importance
total_heat_loss_kwh,random_forest,wall_material_concrete,0.0017794655931574024,tree_feature_importance
total_heat_loss_kwh,random_forest,window_wall_orientation_west,0.001710508833518404,tree_feature_importance
total_heat_loss_kwh,random_forest,wall_material_brick_masonry,0.0014429170572306561,tree_feature_importance
total_heat_loss_kwh,random_forest,orientation_cardinal_north,0.001185964152768323,tree_feature_importance
total_heat_loss_kwh,random_forest,window_wall_orientation_east,0.0010826164871645646,tree_feature_importance
total_heat_loss_kwh,random_forest,thermal_mass_material_none,0.0010244793203711832,tree_feature_importance
total_heat_loss_kwh,random_forest,window_wall_orientation_north,0.0009441640625664633,tree_feature_importance
total_heat_loss_kwh,random_forest,wall_material_timber,0.0008817811084192089,tree_feature_importance
total_heat_loss_kwh,random_forest,orientation_cardinal_south,0.0008385849130898357,tree_feature_importance
total_heat_loss_kwh,random_forest,orientation_cardinal_east,0.0007853646375065541,tree_feature_importance
total_heat_loss_kwh,random_forest,orientation_cardinal_west,0.0007613627995506054,tree_feature_importance
total_heat_loss_kwh,random_forest,wall_material_earth_adobe,0.0006108086106596457,tree_feature_importance
total_heat_loss_kwh,random_forest,window_wall_orientation_south,0.0005168808695158855,tree_feature_importance
total_heat_loss_kwh,random_forest,door_area_m2,0.0,tree_feature_importance
total_heat_loss_kwh,random_forest,height_m,0.0,tree_feature_importance
total_heat_loss_kwh,random_forest,width_m,0.0,tree_feature_importance
total_heat_loss_kwh,random_forest,window_u_value_w_m2k,0.0,tree_feature_importance
total_solar_gain_kwh,gradient_boosting,window_area_m2,0.48268088180533475,tree_feature_importance
total_solar_gain_kwh,gradient_boosting,daily_solar_sum_wh_m2,0.3855818880987046,tree_feature_importance
total_solar_gain_kwh,gradient_boosting,window_solar_heat_gain_coefficient,0.11012047225788318,tree_feature_importance
total_solar_gain_kwh,gradient_boosting,maximum_outdoor_temperature_c,0.008976104576746802,tree_feature_importance
total_solar_gain_kwh,gradient_boosting,mean_outdoor_temperature_c,0.007167245303891274,tree_feature_importance
total_solar_gain_kwh,gradient_boosting,minimum_outdoor_temperature_c,0.004490251318231494,tree_feature_importance
total_solar_gain_kwh,gradient_boosting,net_wall_area_m2,0.00022105921585045707,tree_feature_importance
total_solar_gain_kwh,gradient_boosting,floor_insulation_thickness_m,0.0002102548893790423,tree_feature_importance
total_solar_gain_kwh,gradient_boosting,wall_insulation_thickness_m,0.0001949310793514967,tree_feature_importance
total_solar_gain_kwh,gradient_boosting,roof_insulation_thickness_m,8.513682369761904e-05,tree_feature_importance
total_solar_gain_kwh,gradient_boosting,thermal_mass_heat_capacity_kj_k,6.121241884469297e-05,tree_feature_importance
total_solar_gain_kwh,gradient_boosting,wall_material_earth_adobe,3.731256424187933e-05,tree_feature_importance
total_solar_gain_kwh,gradient_boosting,window_wall_orientation_east,2.9330652676171588e-05,tree_feature_importance
total_solar_gain_kwh,gradient_boosting,window_wall_orientation_west,2.9299583680869847e-05,tree_feature_importance
total_solar_gain_kwh,gradient_boosting,length_m,2.9239788227434053e-05,tree_feature_importance
total_solar_gain_kwh,gradient_boosting,volume_m3,2.2702538220381228e-05,tree_feature_importance
total_solar_gain_kwh,gradient_boosting,floor_area_m2,2.111174889027309e-05,tree_feature_importance
total_solar_gain_kwh,gradient_boosting,wall_material_stone,1.0996024711702258e-05,tree_feature_importance
total_solar_gain_kwh,gradient_boosting,orientation_cardinal_west,6.304314793165268e-06,tree_feature_importance
total_solar_gain_kwh,gradient_boosting,window_wall_orientation_south,5.024162531046227e-06,tree_feature_importance
total_solar_gain_kwh,gradient_boosting,thermal_mass_material_none,4.685043964845138e-06,tree_feature_importance
total_solar_gain_kwh,gradient_boosting,orientation_cardinal_north,4.354150634597035e-06,tree_feature_importance
total_solar_gain_kwh,gradient_boosting,wall_material_brick_masonry,3.898452439052201e-06,tree_feature_importance
total_solar_gain_kwh,gradient_boosting,wall_material_concrete,3.245684226126803e-06,tree_feature_importance
total_solar_gain_kwh,gradient_boosting,thermal_mass_material_stone,1.2671990736942338e-06,tree_feature_importance
total_solar_gain_kwh,gradient_boosting,orientation_cardinal_south,9.780387102934554e-07,tree_feature_importance
total_solar_gain_kwh,gradient_boosting,wall_material_timber,8.122650632066975e-07,tree_feature_importance
total_solar_gain_kwh,gradient_boosting,door_area_m2,0.0,tree_feature_importance
total_solar_gain_kwh,gradient_boosting,height_m,0.0,tree_feature_importance
total_solar_gain_kwh,gradient_boosting,orientation_cardinal_east,0.0,tree_feature_importance
total_solar_gain_kwh,gradient_boosting,thermal_mass_material_water,0.0,tree_feature_importance
total_solar_gain_kwh,gradient_boosting,width_m,0.0,tree_feature_importance
total_solar_gain_kwh,gradient_boosting,window_u_value_w_m2k,0.0,tree_feature_importance
total_solar_gain_kwh,gradient_boosting,window_wall_orientation_north,0.0,tree_feature_importance
total_solar_gain_kwh,random_forest,window_area_m2,0.48489088355203913,tree_feature_importance
total_solar_gain_kwh,random_forest,daily_solar_sum_wh_m2,0.35955840409206397,tree_feature_importance
total_solar_gain_kwh,random_forest,window_solar_heat_gain_coefficient,0.10546721409296782,tree_feature_importance
total_solar_gain_kwh,random_forest,mean_outdoor_temperature_c,0.01509045613329963,tree_feature_importance
total_solar_gain_kwh,random_forest,minimum_outdoor_temperature_c,0.013361347993210667,tree_feature_importance
total_solar_gain_kwh,random_forest,maximum_outdoor_temperature_c,0.01241340544414552,tree_feature_importance
total_solar_gain_kwh,random_forest,thermal_mass_heat_capacity_kj_k,0.0016723593257449148,tree_feature_importance
total_solar_gain_kwh,random_forest,wall_insulation_thickness_m,0.0013302649753556496,tree_feature_importance
total_solar_gain_kwh,random_forest,floor_insulation_thickness_m,0.0009004202390966893,tree_feature_importance
total_solar_gain_kwh,random_forest,roof_insulation_thickness_m,0.0008324913948885847,tree_feature_importance
total_solar_gain_kwh,random_forest,net_wall_area_m2,0.0004191101259861014,tree_feature_importance
total_solar_gain_kwh,random_forest,volume_m3,0.0003778396709184953,tree_feature_importance
total_solar_gain_kwh,random_forest,length_m,0.00037035357389056915,tree_feature_importance
total_solar_gain_kwh,random_forest,floor_area_m2,0.0003460812594769168,tree_feature_importance
total_solar_gain_kwh,random_forest,thermal_mass_material_stone,0.00033744402817296955,tree_feature_importance
total_solar_gain_kwh,random_forest,wall_material_timber,0.00027751420207964287,tree_feature_importance
total_solar_gain_kwh,random_forest,thermal_mass_material_water,0.0002549756189716479,tree_feature_importance
total_solar_gain_kwh,random_forest,window_wall_orientation_east,0.00023388903055431218,tree_feature_importance
total_solar_gain_kwh,random_forest,orientation_cardinal_east,0.00023246879132507578,tree_feature_importance
total_solar_gain_kwh,random_forest,window_wall_orientation_west,0.0001863418414809567,tree_feature_importance
total_solar_gain_kwh,random_forest,wall_material_concrete,0.0001711556551841409,tree_feature_importance
total_solar_gain_kwh,random_forest,orientation_cardinal_north,0.00017014421755396608,tree_feature_importance
total_solar_gain_kwh,random_forest,thermal_mass_material_none,0.00016074289467042348,tree_feature_importance
total_solar_gain_kwh,random_forest,window_wall_orientation_north,0.00015422673689326292,tree_feature_importance
total_solar_gain_kwh,random_forest,window_wall_orientation_south,0.00014851355854559272,tree_feature_importance
total_solar_gain_kwh,random_forest,wall_material_stone,0.00014753059911277224,tree_feature_importance
total_solar_gain_kwh,random_forest,wall_material_brick_masonry,0.00013709949130965497,tree_feature_importance
total_solar_gain_kwh,random_forest,orientation_cardinal_west,0.0001352956019887042,tree_feature_importance
total_solar_gain_kwh,random_forest,orientation_cardinal_south,0.00012782007770101512,tree_feature_importance
total_solar_gain_kwh,random_forest,wall_material_earth_adobe,9.42057813712612e-05,tree_feature_importance
total_solar_gain_kwh,random_forest,door_area_m2,0.0,tree_feature_importance
total_solar_gain_kwh,random_forest,height_m,0.0,tree_feature_importance
total_solar_gain_kwh,random_forest,width_m,0.0,tree_feature_importance
total_solar_gain_kwh,random_forest,window_u_value_w_m2k,0.0,tree_feature_importance
