target,model,split,mae,rmse,r2,explained_variance,mape_percent,baseline_mae,beats_baseline_mae
degree_hours_above_comfort,gradient_boosting,test,13.600126616594778,28.95955214001274,0.48557322761744315,0.4876664349005845,,23.033762704832018,True
degree_hours_above_comfort,gradient_boosting,validation,13.852052237893593,29.484447544743887,0.5486767453615033,0.548676783183254,,,
degree_hours_above_comfort,linear_regression,test,22.60752538162283,34.87554989164992,0.2539258237624302,0.26533020040994204,,23.033762704832018,True
degree_hours_above_comfort,linear_regression,validation,24.7729812928094,37.83623818392082,0.25677959723696986,0.2573252816602789,,,
degree_hours_above_comfort,random_forest,test,9.679094746773528,25.028113468258443,0.6157657180728422,0.6165400256162783,,23.033762704832018,True
degree_hours_above_comfort,random_forest,validation,8.448538648114605,22.22530856598159,0.7435531786897577,0.743564029403557,,,
degree_hours_below_comfort,gradient_boosting,test,28.91682269579939,40.14609622189069,0.9519125168877207,0.9525905072325866,15.068189483961463,147.05006599476906,True
degree_hours_below_comfort,gradient_boosting,validation,26.790123661870076,39.2775016154078,0.9508480749324013,0.9508902261548965,14.169406982883292,,
degree_hours_below_comfort,linear_regression,test,57.280523912933695,74.44223404607209,0.834657613994981,0.8350272593048899,30.717874804986618,147.05006599476906,True
degree_hours_below_comfort,linear_regression,validation,55.34360230891104,68.58601908885274,0.8501267884596007,0.8510864999378691,32.2103354054877,,
degree_hours_below_comfort,random_forest,test,24.489621536009615,35.44817613673456,0.9625084673768629,0.9632367029885123,12.534455001681517,147.05006599476906,True
degree_hours_below_comfort,random_forest,validation,25.775435660094306,39.36612155814029,0.9506260264546398,0.9514100148849715,13.15535367061316,,
indoor_temperature_range_c,gradient_boosting,test,3.0925985322441045,4.609553496718836,0.7971478562033117,0.7972456217567824,24.110342212924742,7.332759995774377,True
indoor_temperature_range_c,gradient_boosting,validation,3.175012958557926,4.3693373504289,0.8320564909583942,0.8338845684000429,27.425743231880745,,
indoor_temperature_range_c,linear_regression,test,4.471484174665771,6.214826975883195,0.6312602414945994,0.640156179578806,48.831586382592384,7.332759995774377,True
indoor_temperature_range_c,linear_regression,validation,5.231256216278215,7.050629980274361,0.56269150357163,0.5643448755506646,51.50503898387466,,
indoor_temperature_range_c,random_forest,test,2.645942389130261,4.059116656557356,0.8427013670314888,0.8462200125159953,19.692047944856387,7.332759995774377,True
indoor_temperature_range_c,random_forest,validation,2.7944379131755652,3.7953406286588987,0.87328337779499,0.8746328254612716,25.05049823621145,,
mean_indoor_temperature_c,gradient_boosting,test,1.4527813156788523,1.9464700237441186,0.9495359683979077,0.9511418049729367,,6.766737514713857,True
mean_indoor_temperature_c,gradient_boosting,validation,1.4952322942882001,2.0548535707756272,0.9431699464445633,0.9431700134917593,,,
mean_indoor_temperature_c,linear_regression,test,2.868088786676914,3.786900918182411,0.8089907547956233,0.8090011999955449,,6.766737514713857,True
mean_indoor_temperature_c,linear_regression,validation,2.9654355316932817,3.6663910038186747,0.8190769653114048,0.8195666042325159,,,
mean_indoor_temperature_c,random_forest,test,1.2548759421574642,1.797343893623134,0.9569722273759053,0.9590838018183416,,6.766737514713857,True
mean_indoor_temperature_c,random_forest,validation,1.4282442902900305,2.025898239238572,0.9447602683108531,0.9455931482882057,,,
minimum_indoor_temperature_c,gradient_boosting,test,1.576254789024376,2.0596790114468337,0.946196863801272,0.947231773379807,,7.338309349305226,True
minimum_indoor_temperature_c,gradient_boosting,validation,1.7834576465948597,2.411992932648384,0.9211473709811915,0.9212211030715431,,,
minimum_indoor_temperature_c,linear_regression,test,2.6450300381138563,3.4444961307516087,0.8495265400706817,0.8497177447830506,,7.338309349305226,True
minimum_indoor_temperature_c,linear_regression,validation,2.674574873301511,3.3089664475528227,0.8515948942321792,0.8530377265039467,,,
minimum_indoor_temperature_c,random_forest,test,1.0870735283665285,1.7125672850245055,0.9628033531419476,0.9630824897259063,,7.338309349305226,True
minimum_indoor_temperature_c,random_forest,validation,1.442377068580119,2.2944428099034035,0.9286459562843973,0.9286766766654238,,,
percent_time_comfortable,gradient_boosting,test,5.462893515342048,8.947216307120076,0.4987147797204372,0.5048540640928967,,9.535123456790124,True
percent_time_comfortable,gradient_boosting,validation,6.048367005512306,10.005093477015512,0.43436270277916034,0.43482957213394224,,,
percent_time_comfortable,linear_regression,test,7.474288840619059,10.451869043820988,0.315935669197723,0.3193462435345087,,9.535123456790124,True
percent_time_comfortable,linear_regression,validation,7.693145537811102,10.820112622930854,0.33845513962562035,0.3385074152832691,,,
percent_time_comfortable,random_forest,test,4.80869341563786,8.951022231686757,0.4982882203423751,0.5036602864571398,,9.535123456790124,True
percent_time_comfortable,random_forest,validation,4.350606995884774,8.698201699260668,0.5724817236163593,0.572495647418484,,,
thermal_mass_net_kwh,gradient_boosting,test,1.605813575311702,2.1948468818248728,0.927146138258356,0.9276541836014405,,5.575694411016151,True
thermal_mass_net_kwh,gradient_boosting,validation,2.489914698150359,3.9393902408714663,0.8721233550931662,0.8721941024489844,,,
thermal_mass_net_kwh,linear_regression,test,4.35681431000934,5.9646264900989205,0.46196487759497296,0.46668322376754734,,5.575694411016151,True
thermal_mass_net_kwh,linear_regression,validation,5.550207725612339,7.957806503308859,0.47818089730489044,0.4855448615994147,,,
thermal_mass_net_kwh,random_forest,test,1.1412983211705827,1.828914575831749,0.9494139273766377,0.9494157421569897,,5.575694411016151,True
thermal_mass_net_kwh,random_forest,validation,2.1960745267463366,4.03375709463701,0.8659234864383418,0.8669454632978277,,,
total_heat_loss_kwh,gradient_boosting,test,1.6728864564247476,2.247495711342223,0.9236793368058485,0.9255392687774652,12.751282221172232,6.070419102809155,True
total_heat_loss_kwh,gradient_boosting,validation,2.632617641569691,4.270342456685761,0.8213119176156093,0.8255071541640149,15.683979209798316,,
total_heat_loss_kwh,linear_regression,test,4.391422894279892,5.887426169509028,0.4762846054912889,0.4788687866925918,35.42488386949394,6.070419102809155,True
total_heat_loss_kwh,linear_regression,validation,5.3368796711453035,7.884566493922512,0.39084779617814946,0.4054988698903995,34.961926141229014,,
total_heat_loss_kwh,random_forest,test,1.7245542615171439,2.1947078499036317,0.9272223838279257,0.9290902739217399,13.066583142839841,6.070419102809155,True
total_heat_loss_kwh,random_forest,validation,2.481007568766572,4.109726088874393,0.8345007865077491,0.8345282458919909,16.939266834799664,,
total_solar_gain_kwh,gradient_boosting,test,0.2786728754039015,0.388769222506714,0.9928886902976052,0.9933691626123888,5.701672088272453,3.8495991878720006,True
total_solar_gain_kwh,gradient_boosting,validation,0.2532329493161531,0.3592490788753352,0.9948259637351504,0.9948410229857358,4.887925527002167,,
total_solar_gain_kwh,linear_regression,test,1.1320019455623584,1.592041008420649,0.8807456193234179,0.8831713893810328,44.71459869860395,3.8495991878720006,True
total_solar_gain_kwh,linear_regression,validation,1.2530372678549968,1.6888968948110052,0.8856478284583196,0.8875480207208388,43.2008102896373,,
total_solar_gain_kwh,random_forest,test,0.3755536061436434,0.5200283955714151,0.9872761084832921,0.9876542137243477,8.548021722603401,3.8495991878720006,True
total_solar_gain_kwh,random_forest,validation,0.319801184677233,0.5116672017497834,0.9895042542839451,0.9895074319571997,6.9626148729409,,
