timestamp,outdoor_temp_c,solar_w_m2,occupancy_count,indoor_temp_c,energy_kwh,equipment_status,heating_setpoint_c,cooling_setpoint_c,electricity_price_per_kwh
2025-01-01 00:00:00,3.0901807133861445,0.0,0,19.572432828478792,0.27653937396320144,0,17.0,28.0,0.15
2025-01-01 01:00:00,1.7933095514089257,11.280188573493026,0,19.18408428017151,0.300439315703296,0,17.0,28.0,0.15
2025-01-01 02:00:00,2.524685785076077,0.0,0,18.851583021761552,0.35743976071070854,0,17.0,28.0,0.15
2025-01-01 03:00:00,2.932730526378745,0.0,0,18.428909259206517,0.32220960297117696,0,17.0,28.0,0.15
2025-01-01 04:00:00,2.26038911153436,0.0,0,18.095611309925047,0.23154107361078163,0,17.0,28.0,0.15
2025-01-01 05:00:00,3.7709859925888383,14.611788667203289,0,17.855390436354526,0.2913902217369538,0,17.0,28.0,0.15
2025-01-01 06:00:00,6.008962069496271,2.825869829192965,0,17.683838517650507,0.37129175170818846,0,17.0,28.0,0.15
2025-01-01 07:00:00,7.547783478315605,150.0236472109987,0,17.344989584298705,0.29144812552600174,0,17.0,28.0,0.15
2025-01-01 08:00:00,9.581109770069663,263.59839080873763,15,18.068183761626596,6.3029808523306325,1,20.5,24.5,0.15
2025-01-01 09:00:00,11.04576947584119,377.71337089989584,14,18.92330869977281,6.450721955416902,1,20.5,24.5,0.15
2025-01-01 10:00:00,13.670381036164205,480.79210924866834,14,19.376570867622245,6.402295700392512,1,20.5,24.5,0.15
2025-01-01 11:00:00,15.138427484659788,531.841947768342,5,20.585866322900763,6.259336210802076,1,20.5,24.5,0.15
2025-01-01 12:00:00,15.962960653506794,555.4873881886413,13,20.515548341049605,0.2851432905567172,1,20.5,24.5,0.15
2025-01-01 13:00:00,17.259638644053616,529.3824945497031,19,20.59105617794929,0.3432940771916694,1,20.5,24.5,0.15
2025-01-01 14:00:00,17.23375467112602,479.0954093459876,5,20.754386004800732,0.2783206639909523,1,20.5,24.5,0.15
2025-01-01 15:00:00,16.39589870561253,390.48992050165225,12,20.23222027791911,0.3459302569806395,1,20.5,24.5,0.15
2025-01-01 16:00:00,16.373193334659565,282.7776738908492,12,20.21939400802587,0.32168781142897024,1,20.5,24.5,0.32
2025-01-01 17:00:00,14.657946539038337,150.42055762583126,18,20.59173657836358,0.309787277019494,1,20.5,24.5,0.32
2025-01-01 18:00:00,14.186204754371103,0.0,0,20.402489096678558,0.3058205922134238,0,17.0,28.0,0.32
2025-01-01 19:00:00,12.091345182780763,0.0,0,20.25303998151469,0.2930012785314329,0,17.0,28.0,0.32
2025-01-01 20:00:00,10.26791429376921,10.017453976515071,0,19.923038047141933,0.3418256048083706,0,17.0,28.0,0.32
2025-01-01 21:00:00,8.262015474453479,11.877250932619365,0,19.870755097393722,0.2653862867159266,0,17.0,28.0,0.15
2025-01-01 22:00:00,7.57737441299667,0.0,0,19.653436310902745,0.23512299492679162,0,17.0,28.0,0.15
2025-01-01 23:00:00,5.488931236950675,0.0,0,19.26729711210005,0.324577604915699,0,17.0,28.0,0.15
2025-01-02 00:00:00,4.287321227363435,0.9903482100720091,0,18.808395104475313,0.3252495331226859,0,17.0,28.0,0.15
2025-01-02 01:00:00,3.671648000265744,9.308382263505294,0,18.145610330497224,0.31920964610047065,0,17.0,28.0,0.15
2025-01-02 02:00:00,3.918632141408664,17.975945224343146,0,18.346570264334552,0.31630913478472156,0,17.0,28.0,0.15
2025-01-02 03:00:00,4.11468964661513,5.16297572101451,0,18.121042445827733,0.28717838486649805,0,17.0,28.0,0.15
2025-01-02 04:00:00,4.876239286875801,0.0,0,17.732972338268606,0.331499308175421,0,17.0,28.0,0.15
2025-01-02 05:00:00,6.033893820207329,0.0,0,17.205894921645612,0.29817767492981834,0,17.0,28.0,0.15
2025-01-02 06:00:00,8.372761536240068,0.11451291670654416,0,17.289347494781847,0.2805154575673929,0,17.0,28.0,0.15
2025-01-02 07:00:00,8.818183687829999,139.35782776753385,0,17.15471641632583,0.287524347509784,0,17.0,28.0,0.15
2025-01-02 08:00:00,10.60562613275264,264.84932094271176,7,18.017383217893272,6.455825587951034,1,20.5,24.5,0.15
2025-01-02 09:00:00,12.292613612210443,409.39628616123395,17,18.396708513411895,6.305600956718183,1,20.5,24.5,0.15
2025-01-02 10:00:00,14.71913532286003,494.1656561021626,16,19.370293447941645,6.394991524171832,1,20.5,24.5,0.15
2025-01-02 11:00:00,16.446085267244413,542.6196912945419,14,20.416954138638534,6.307835582895051,1,20.5,24.5,0.15
2025-01-02 12:00:00,16.95505992202728,540.7914960219088,9,20.315169726495835,0.29567066646708107,1,20.5,24.5,0.15
2025-01-02 13:00:00,17.30653549200879,539.8093977019604,10,20.137734966747864,0.28265490059383247,1,20.5,24.5,0.15
2025-01-02 14:00:00,17.56542104460464,482.7102361764203,11,20.451244626973814,0.21659886813280488,1,20.5,24.5,0.15
2025-01-02 15:00:00,18.07420159772231,393.3341858946417,14,20.533508126208183,0.3155615036173505,1,20.5,24.5,0.15
2025-01-02 16:00:00,17.42821250645515,287.4966526704377,16,20.481179949077177,0.28479847751231213,1,20.5,24.5,0.32
2025-01-02 17:00:00,16.219926012035227,148.70418623499933,15,20.49529679254725,0.21603174629755023,1,20.5,24.5,0.32
2025-01-02 18:00:00,14.167245146355652,7.400142363043423,0,20.272740246112118,0.3335827236309701,0,17.0,28.0,0.32
2025-01-02 19:00:00,12.926415386827806,6.369062833722101,0,20.424734963020445,0.35740024711955737,0,17.0,28.0,0.32
2025-01-02 20:00:00,11.052750498932726,3.407914080021059,0,19.79818689644417,0.35960497369186284,0,17.0,28.0,0.32
2025-01-02 21:00:00,9.285035402433346,0.0,0,19.621678637587795,0.31435825762605885,0,17.0,28.0,0.15
2025-01-02 22:00:00,7.913376041424353,0.8362107741055723,0,19.47169694475849,0.3018423255430846,0,17.0,28.0,0.15
2025-01-02 23:00:00,6.127183252548088,0.0,0,19.336821394405504,0.35312626483583187,0,17.0,28.0,0.15
2025-01-03 00:00:00,5.227134779408523,0.0,0,18.604686683020272,0.3672953434136039,0,17.0,28.0,0.15
2025-01-03 01:00:00,4.204160403299104,16.81816619300824,0,18.319968361836885,0.34534274811502497,0,17.0,28.0,0.15
2025-01-03 02:00:00,4.055705310917273,17.289953408857034,0,17.874393463305978,0.26233849591080793,0,17.0,28.0,0.15
2025-01-03 03:00:00,4.441929989512527,13.59220600295612,0,17.947354309912786,0.30805379412859685,0,17.0,28.0,0.15
2025-01-03 04:00:00,4.070991760869505,2.552134168558746,0,17.437800737683286,0.3175806457716571,0,17.0,28.0,0.15
2025-01-03 05:00:00,5.72354143525547,13.506251209526567,0,17.31125165883583,0.2276153212433108,0,17.0,28.0,0.15
2025-01-03 06:00:00,7.06675140865844,0.12053180601825543,0,17.27450420374604,0.31877442638483094,0,17.0,28.0,0.15
2025-01-03 07:00:00,8.637058547169902,144.37844757536422,0,16.86856033732989,0.3909196730391756,0,17.0,28.0,0.15
2025-01-03 08:00:00,10.594479681955535,264.06528629538013,12,17.785394046809813,6.400597446632031,1,20.5,24.5,0.15
2025-01-03 09:00:00,13.252652369791413,392.8786426975895,8,18.4857279036721,6.43393652325767,1,20.5,24.5,0.15
2025-01-03 10:00:00,13.719561990785369,476.9178313656854,13,19.48038915812973,6.382316589205148,1,20.5,24.5,0.15
2025-01-03 11:00:00,16.04308220513491,518.232683290643,16,20.315307780927114,6.372071267040647,1,20.5,24.5,0.15
2025-01-03 12:00:00,15.784405905619227,549.488028881834,10,20.10864992842082,0.315250855603239,1,20.5,24.5,0.15
2025-01-03 13:00:00,17.109981715321496,530.4619088204195,6,20.215016695655066,0.2673669340806227,1,20.5,24.5,0.15
2025-01-03 14:00:00,17.547480276212156,494.2895837478877,10,20.46926819064861,0.2614489925106244,1,20.5,24.5,0.15
2025-01-03 15:00:00,17.468805512076212,397.85086293773526,7,20.36243990853699,0.35065218228677464,1,20.5,24.5,0.15
2025-01-03 16:00:00,16.77813659192934,275.1144543909146,10,20.036486809190517,0.35489369371466073,1,20.5,24.5,0.32
2025-01-03 17:00:00,15.650995908462038,144.83834790439738,14,20.382901740198857,0.26035574737650596,1,20.5,24.5,0.32
2025-01-03 18:00:00,13.57261706759325,0.4421237810420479,0,19.92369155123825,0.33871995218215456,0,17.0,28.0,0.32
2025-01-03 19:00:00,11.768197790532367,0.0,0,20.190976208464424,0.29652160097575914,0,17.0,28.0,0.32
2025-01-03 20:00:00,10.55562805675582,0.0,0,19.916383193243938,0.3135923429796172,0,17.0,28.0,0.32
2025-01-03 21:00:00,8.15667867487222,0.0,0,19.531671331871678,0.3184087455774025,0,17.0,28.0,0.15
2025-01-03 22:00:00,5.862156838331041,0.0,0,19.210688364762145,0.3397740187249727,0,17.0,28.0,0.15
2025-01-03 23:00:00,4.418146181238553,0.0,0,18.822631768203312,0.3033087280745275,0,17.0,28.0,0.15
2025-01-04 00:00:00,3.3458635087432396,5.112218145475347,0,18.644407236833818,0.3564064798120774,0,17.0,28.0,0.15
2025-01-04 01:00:00,3.286883636642887,3.9126465993323496,0,18.123515626161726,0.312376513590397,0,17.0,28.0,0.15
2025-01-04 02:00:00,2.8018949167680733,0.0,0,17.896912220000512,0.3249673708987813,0,17.0,28.0,0.15
2025-01-04 03:00:00,3.2443200169207405,0.0,0,17.6926900555927,0.2666694963385101,0,17.0,28.0,0.15
2025-01-04 04:00:00,3.313706199162472,9.957013858999236,0,17.125313433087797,0.38634636042819337,0,17.0,28.0,0.15
2025-01-04 05:00:00,4.647160467437567,10.592237388963209,0,16.842126163786943,0.3187929969281986,0,17.0,28.0,0.15
2025-01-04 06:00:00,6.257837064896296,10.258368428852387,0,16.505731006379445,0.32851989701380396,0,17.0,28.0,0.15
2025-01-04 07:00:00,7.405416628748065,142.73960687540102,0,16.340142746622053,0.23567256755153831,0,17.0,28.0,0.15
2025-01-04 08:00:00,9.526472151131054,266.54954672030846,0,16.076449260850914,0.26709191907683594,0,17.0,28.0,0.15
2025-01-04 09:00:00,10.704699297390937,378.07174137902047,0,16.450354348645206,0.34951534751674923,0,17.0,28.0,0.15
2025-01-04 10:00:00,12.467933263890313,479.7600211289448,0,16.60854283570514,0.3114756447317042,0,17.0,28.0,0.15
2025-01-04 11:00:00,13.833660909859317,535.0520048026392,0,16.539563850800157,0.22344881060684296,0,17.0,28.0,0.15
2025-01-04 12:00:00,14.46425800369655,562.8733111160507,0,16.006915019320978,0.3415315971593528,0,17.0,28.0,0.15
2025-01-04 13:00:00,15.930184635863618,542.2590009624084,0,16.47624977352843,0.2782486878258911,0,17.0,28.0,0.15
2025-01-04 14:00:00,15.615838642725791,474.99168551612956,0,16.63332833967877,0.3564526794350685,0,17.0,28.0,0.15
2025-01-04 15:00:00,15.543798891180707,376.4666708639925,0,16.314583515125708,0.296486572855852,0,17.0,28.0,0.15
2025-01-04 16:00:00,15.004466623591677,271.80893402989096,0,16.411872356657202,0.3081882674408212,0,17.0,28.0,0.32
2025-01-04 17:00:00,13.801189841994976,144.5227867544918,0,15.990081414623997,0.3471581831436659,0,17.0,28.0,0.32
2025-01-04 18:00:00,12.387650686573766,0.0,0,16.313030641774926,0.2641002811658135,0,17.0,28.0,0.32
2025-01-04 19:00:00,10.244852483257894,0.0,0,15.942228311551109,0.2602861276866424,0,17.0,28.0,0.32
2025-01-04 20:00:00,8.198840495156114,2.528848149698989,0,15.996732718502365,0.2921400631840757,0,17.0,28.0,0.32
2025-01-04 21:00:00,6.487849454918821,0.0,0,15.473099366512814,0.33308691198484885,0,17.0,28.0,0.15
2025-01-04 22:00:00,3.9256507342881966,0.0,0,15.593754769460737,0.24676490989546035,0,17.0,28.0,0.15
2025-01-04 23:00:00,2.526912246843144,3.1145283430343955,0,15.397801229817624,0.2332786160044361,0,17.0,28.0,0.15
2025-01-05 00:00:00,1.4087048890966114,0.0,0,14.771223466387125,0.33294883708175166,0,17.0,28.0,0.15
2025-01-05 01:00:00,0.8053585456296573,2.441043889783521,0,14.400008340230237,0.2758808674973198,0,17.0,28.0,0.15
2025-01-05 02:00:00,1.1998871133617188,2.732040228521227,0,13.92437581125112,0.2843109594831887,0,17.0,28.0,0.15
2025-01-05 03:00:00,0.7217155352658189,0.0,0,13.967980189897073,0.22572758392239334,0,17.0,28.0,0.15
2025-01-05 04:00:00,1.6221007803619907,0.0,0,13.640836797590783,0.2728408274259207,0,17.0,28.0,0.15
2025-01-05 05:00:00,3.512226309440199,14.377769399164624,0,13.244506045286274,0.299697308134754,0,17.0,28.0,0.15
2025-01-05 06:00:00,4.07488841075182,0.0,0,13.39907725465405,0.3372151143049157,0,17.0,28.0,0.15
2025-01-05 07:00:00,6.252449645959655,121.18393031668111,0,13.094510310467168,0.2691507933506144,0,17.0,28.0,0.15
2025-01-05 08:00:00,7.172845684453223,256.3815484675748,0,12.876543549607973,0.36629504480929986,0,17.0,28.0,0.15
2025-01-05 09:00:00,9.294800974410736,389.1998291183678,0,12.926901152836962,0.27261775903280794,0,17.0,28.0,0.15
2025-01-05 10:00:00,10.558885228885057,476.62314486176825,0,13.213377558284646,0.272676327936593,0,17.0,28.0,0.15
2025-01-05 11:00:00,12.264287484064646,530.0830959047364,0,13.165579586040908,0.3614943020759121,0,17.0,28.0,0.15
2025-01-05 12:00:00,13.918668930283708,562.141898289285,0,13.108659372977668,0.30845840609455666,0,17.0,28.0,0.15
2025-01-05 13:00:00,13.288625012893966,504.5308601279582,0,13.297371928631428,0.2779190108395369,0,17.0,28.0,0.15
2025-01-05 14:00:00,14.56473427314094,480.27331082574955,0,13.055079140557076,0.29379467475277626,0,17.0,28.0,0.15
2025-01-05 15:00:00,14.186900186733048,404.52311167063687,0,13.33045728151065,0.35412294310168235,0,17.0,28.0,0.15
2025-01-05 16:00:00,13.033052041073798,263.7221923510828,0,13.37115918670669,0.3586481127850273,0,17.0,28.0,0.32
2025-01-05 17:00:00,11.458487754102388,138.55240968848761,0,13.232773398553839,0.26732827282918975,0,17.0,28.0,0.32
2025-01-05 18:00:00,10.734127018052098,0.0,0,13.339365373420712,0.29830264759683567,0,17.0,28.0,0.32
2025-01-05 19:00:00,8.713862449445793,0.0,0,13.02129495096323,0.3036062731067029,0,17.0,28.0,0.32
2025-01-05 20:00:00,7.254590608388944,0.0,0,13.12465672133907,0.26055039557933607,0,17.0,28.0,0.32
2025-01-05 21:00:00,5.311426096427341,14.274852836845046,0,12.965182776698425,0.29777259789400023,0,17.0,28.0,0.15
2025-01-05 22:00:00,4.389743834088178,18.373866754875202,0,12.157663619854961,0.300212914418068,0,17.0,28.0,0.15
2025-01-05 23:00:00,1.9987230653795214,0.0,0,12.663901330474053,0.3456083791574694,0,17.0,28.0,0.15
2025-01-06 00:00:00,0.476217602834349,19.050602140644703,0,11.641739057907174,0.34829700113244805,0,17.0,28.0,0.15
2025-01-06 01:00:00,0.3630240869881037,0.3557647698462486,0,11.82140973337993,0.28683162406563967,0,17.0,28.0,0.15
2025-01-06 02:00:00,0.13233668953562555,17.53691026701081,0,11.861161181679797,0.2914418742455675,0,17.0,28.0,0.15
2025-01-06 03:00:00,0.9306885838102552,0.0,0,11.385030707839894,0.3265716920822254,0,17.0,28.0,0.15
2025-01-06 04:00:00,1.3609702021038586,1.310578260461443,0,10.958407053193447,0.27659246204291954,0,17.0,28.0,0.15
2025-01-06 05:00:00,2.2300866516921256,3.6547447264283455,0,10.829619139692245,0.3235456060694961,0,17.0,28.0,0.15
2025-01-06 06:00:00,4.231651445609781,31.788536793675352,0,11.066262636305057,0.2964837405052314,0,17.0,28.0,0.15
2025-01-06 07:00:00,4.595283747544132,150.8633305548343,0,10.413483064518477,0.26122405689045514,0,17.0,28.0,0.15
2025-01-06 08:00:00,6.685716639262766,267.9273547004853,8,11.7550311102258,6.336726531484814,1,20.5,24.5,0.15
2025-01-06 09:00:00,8.361020925228399,398.5987083553597,12,12.384864202438942,6.432882347841244,1,20.5,24.5,0.15
2025-01-06 10:00:00,10.32743344597186,472.6956467105978,10,13.045951549800638,6.368743140834268,1,20.5,24.5,0.15
2025-01-06 11:00:00,11.2962714480611,526.3617026299755,10,14.029036829920368,6.440614163755932,1,20.5,24.5,0.15
2025-01-06 12:00:00,13.429897475534625,559.0860135989211,15,14.877807215971353,6.354454549571404,1,20.5,24.5,0.15
2025-01-06 13:00:00,13.718517782895955,531.5700603366992,8,16.095242089060246,6.386648208045259,1,20.5,24.5,0.15
2025-01-06 14:00:00,13.353451241176389,479.09973122655936,18,16.96264954316613,6.4707070689207296,1,20.5,24.5,0.15
2025-01-06 15:00:00,13.365924582802972,389.0485818712541,16,17.375579927034124,6.332704530213469,1,20.5,24.5,0.15
2025-01-06 16:00:00,13.35718725292776,278.3658312660543,7,18.395793296309577,6.299087420004009,1,20.5,24.5,0.32
2025-01-06 17:00:00,12.535686240513071,146.60013378074805,9,19.05737548335269,6.426463605251489,1,20.5,24.5,0.32
2025-01-06 18:00:00,11.696427710041055,0.0,0,19.281588234514793,0.26692763578427703,0,17.0,28.0,0.32
2025-01-06 19:00:00,10.500433761712094,6.6657266860953355,0,18.6198963131584,0.29917174543575065,0,17.0,28.0,0.32
2025-01-06 20:00:00,7.475153909069121,0.0,0,18.903215169729506,0.2765632715819366,0,17.0,28.0,0.32
2025-01-06 21:00:00,5.000049225809853,0.0,0,18.31141932057149,0.31072651123821265,0,17.0,28.0,0.15
2025-01-06 22:00:00,2.781499311002358,0.0,0,17.769298804623055,0.2619785517125703,0,17.0,28.0,0.15
2025-01-06 23:00:00,2.57491270333275,0.8398100331445426,0,17.520544513774453,0.29280239648466777,0,17.0,28.0,0.15
2025-01-07 00:00:00,0.9676886609177059,0.0,0,17.134349416518273,0.31799261306226134,0,17.0,28.0,0.15
2025-01-07 01:00:00,0.5148971395957741,8.310318576679744,0,16.68428612004396,0.2596676445490295,0,17.0,28.0,0.15
2025-01-07 02:00:00,0.22784785681044217,0.0,0,16.56673093096339,0.2719966388141644,0,17.0,28.0,0.15
2025-01-07 03:00:00,0.7539102103952342,0.0,0,15.984002710487758,0.2861046866560587,0,17.0,28.0,0.15
2025-01-07 04:00:00,2.1104668133609117,0.0,0,15.505043904121203,0.24284738263094885,0,17.0,28.0,0.15
2025-01-07 05:00:00,2.824201992860598,0.0,0,15.54393224976686,0.28309756068805014,0,17.0,28.0,0.15
2025-01-07 06:00:00,4.173702977763188,2.7886428464723876,0,15.038469940828818,0.30475186159611606,0,17.0,28.0,0.15
2025-01-07 07:00:00,5.482799436722446,132.27154531015097,0,15.025254590038283,0.28401804233646283,0,17.0,28.0,0.15
2025-01-07 08:00:00,7.036018411520576,282.2428267745622,5,15.688873851533401,6.364144940282731,1,20.5,24.5,0.15
2025-01-07 09:00:00,9.504515208150305,389.5387533359481,18,16.49614559756008,6.374203933163737,1,20.5,24.5,0.15
2025-01-07 10:00:00,11.47310872459084,457.39450954832216,10,17.80949862850905,6.3487702615027075,1,20.5,24.5,0.15
2025-01-07 11:00:00,13.899175168549649,511.6732900550173,12,18.305916133645976,6.402642502634675,1,20.5,24.5,0.15
2025-01-07 12:00:00,14.259547608992397,549.8768070707068,14,19.188671835134855,6.432439124992071,1,20.5,24.5,0.15
2025-01-07 13:00:00,15.453066490895527,529.049531281124,14,19.67893601739048,6.356424784312182,1,20.5,24.5,0.15
2025-01-07 14:00:00,15.019670151997634,475.27977094569496,5,20.382286635945356,4.4797777092609845,1,20.5,24.5,0.15
2025-01-07 15:00:00,14.508450776904631,388.62890508729896,18,20.528710835394303,0.2904153137826141,1,20.5,24.5,0.15
2025-01-07 16:00:00,13.990109096553077,277.25559839510174,14,20.255088231728326,0.3146194938015402,1,20.5,24.5,0.32
2025-01-07 17:00:00,13.069496345832913,151.82697090486954,19,20.543700926644327,0.36263118124813015,1,20.5,24.5,0.32
2025-01-07 18:00:00,13.119192998304953,0.0,0,20.00534117589786,0.32034638172072394,0,17.0,28.0,0.32
2025-01-07 19:00:00,10.029216761779624,0.0,0,19.947896443095285,0.22906341844761274,0,17.0,28.0,0.32
2025-01-07 20:00:00,9.121160069515824,0.0,0,19.65660871174374,0.31815982525787834,0,17.0,28.0,0.32
2025-01-07 21:00:00,6.512874143032224,2.889166671687069,0,19.502890667082735,0.34931454973236037,0,17.0,28.0,0.15
2025-01-07 22:00:00,5.8163263192642765,12.449473786464456,0,19.06129906547583,0.2911361532000759,0,17.0,28.0,0.15
2025-01-07 23:00:00,4.167945626194449,0.0,0,18.800365153125068,0.3398253922447133,0,17.0,28.0,0.15
2025-01-08 00:00:00,2.8595032246798833,0.0,0,18.45775809243086,0.27239537835392214,0,17.0,28.0,0.15
2025-01-08 01:00:00,2.292920341461457,0.0,0,18.014456996238877,0.24057843361910902,0,17.0,28.0,0.15
2025-01-08 02:00:00,1.8220663394581518,0.0,0,17.877791024467275,0.3056467607533056,0,17.0,28.0,0.15
2025-01-08 03:00:00,2.685484268924178,0.0,0,17.503820620498416,0.22974093117014743,0,17.0,28.0,0.15
2025-01-08 04:00:00,3.0084149656908874,0.0,0,17.12963302294022,0.29040915948425633,0,17.0,28.0,0.15
2025-01-08 05:00:00,3.809272864136373,0.38581122980917065,0,16.77716556322672,0.3514736905058201,0,17.0,28.0,0.15
2025-01-08 06:00:00,5.306073080752819,0.0,0,16.746057080034443,0.22360948377014875,0,17.0,28.0,0.15
2025-01-08 07:00:00,7.792198733348457,152.8438709118205,0,16.383284714010365,0.24882012816344407,0,17.0,28.0,0.15
2025-01-08 08:00:00,10.379055977027026,268.23982694318624,13,17.14269853639995,6.333718710193537,1,20.5,24.5,0.15
2025-01-08 09:00:00,11.5522872464147,380.2855500578457,12,18.00432698746422,6.372467205611562,1,20.5,24.5,0.15
2025-01-08 10:00:00,13.171362885677848,481.1027274666459,12,19.106670587298723,6.360371328574152,1,20.5,24.5,0.15
2025-01-08 11:00:00,14.892444586746583,515.9027837597264,12,19.39905462752993,6.4309654552678435,1,20.5,24.5,0.15
2025-01-08 12:00:00,16.582946175579597,553.8969170532,12,20.638574240749964,6.40128431640419,1,20.5,24.5,0.15
2025-01-08 13:00:00,16.805709291251528,532.2847362962502,11,20.18185495823407,0.3198109178427439,1,20.5,24.5,0.15
2025-01-08 14:00:00,16.794536384583132,474.83954718225965,11,20.577878758470696,0.3058252125737554,1,20.5,24.5,0.15
2025-01-08 15:00:00,17.378689292084093,404.79149072409376,13,20.85290735062268,0.31572919107939307,1,20.5,24.5,0.15
2025-01-08 16:00:00,16.40319616184912,268.77792554705275,16,20.666059013416206,0.265520705787465,1,20.5,24.5,0.32
2025-01-08 17:00:00,15.90526583545083,162.95345651162734,13,20.582244731304534,0.33428841414226446,1,20.5,24.5,0.32
2025-01-08 18:00:00,13.83859682232842,0.0,0,20.30418726780451,0.25551822982563194,0,17.0,28.0,0.32
2025-01-08 19:00:00,11.50407362241364,0.0,0,20.21645315082736,0.3334150797560892,0,17.0,28.0,0.32
2025-01-08 20:00:00,9.676265875919007,0.699195809948253,0,19.93571747600991,0.34744570008475323,0,17.0,28.0,0.32
2025-01-08 21:00:00,9.427944212771072,0.0,0,19.609362566372802,0.3084345840835235,0,17.0,28.0,0.15
2025-01-08 22:00:00,7.827936604051303,0.0,0,19.438524706794986,0.29295147764152096,0,17.0,28.0,0.15
2025-01-08 23:00:00,5.476436371343774,3.9703330001549113,0,19.221042157329894,0.3160123963323869,0,17.0,28.0,0.15
2025-01-09 00:00:00,4.3098914778769934,5.555820886501248,0,18.723234958449396,0.18553926519597308,0,17.0,28.0,0.15
2025-01-09 01:00:00,4.578436921630958,0.0,0,18.404576457043763,0.31209032873941844,0,17.0,28.0,0.15
2025-01-09 02:00:00,3.098954707610246,9.874051450464007,0,17.968743444371132,0.2954658400864077,0,17.0,28.0,0.15
2025-01-09 03:00:00,3.484604104955177,11.575077580211339,0,17.963715643049582,0.29797487547772034,0,17.0,28.0,0.15
2025-01-09 04:00:00,4.991536378422328,14.363017565632909,0,17.71148474522935,0.32826130051591307,0,17.0,28.0,0.15
2025-01-09 05:00:00,5.621180757273593,5.294134071257222,0,17.39390803397294,0.2970092431374109,0,17.0,28.0,0.15
2025-01-09 06:00:00,7.299376802444803,13.634287120856987,0,17.307968747379455,0.2543917257339537,0,17.0,28.0,0.15
2025-01-09 07:00:00,8.939669746760051,123.54249052664584,0,16.98361790106433,0.2943438931669849,0,17.0,28.0,0.15
2025-01-09 08:00:00,11.030534771687876,271.8209345137153,6,17.781459964100787,6.377702219363233,1,20.5,24.5,0.15
2025-01-09 09:00:00,13.40324090699124,380.23867708936683,18,18.609627354133913,6.379597356463241,1,20.5,24.5,0.15
2025-01-09 10:00:00,14.456438065023153,477.5062306927152,7,19.34678825049323,6.381476774691403,1,20.5,24.5,0.15
2025-01-09 11:00:00,16.2035685175224,525.5447122670203,9,20.110424062992614,6.416574761796742,1,20.5,24.5,0.15
2025-01-09 12:00:00,15.986947600339207,548.3384215805027,6,20.59457459105545,0.2565586178786341,1,20.5,24.5,0.15
2025-01-09 13:00:00,17.702254529524996,550.0809532610281,11,20.165274455368554,0.307028018246594,1,20.5,24.5,0.15
2025-01-09 14:00:00,17.556046517303823,474.6167741172375,16,20.18825304956448,0.3515971879447296,1,20.5,24.5,0.15
2025-01-09 15:00:00,17.139498673598148,393.04665282450327,9,20.39731320131033,0.23061554012251217,1,20.5,24.5,0.15
2025-01-09 16:00:00,16.617509237389054,272.6773067007576,17,20.3883017106063,0.3071858672312021,1,20.5,24.5,0.32
2025-01-09 17:00:00,15.781287157532224,143.1076076859549,14,20.068524981506748,0.27658485992107823,1,20.5,24.5,0.32
2025-01-09 18:00:00,14.957951271178006,0.06016680436078195,0,20.40645513663891,0.2851715846210758,0,17.0,28.0,0.32
2025-01-09 19:00:00,12.147138366424663,4.483240659731595,0,20.01207214002442,0.2638076998714231,0,17.0,28.0,0.32
2025-01-09 20:00:00,11.00972334065957,11.653075355471769,0,19.63344006330222,0.29321797137198224,0,17.0,28.0,0.32
2025-01-09 21:00:00,8.93360638740205,16.473939976033293,0,19.811222349065137,0.3736502245770762,0,17.0,28.0,0.15
2025-01-09 22:00:00,7.313825105269279,3.0962008190916683,0,19.44217062556239,0.24942278555291145,0,17.0,28.0,0.15
2025-01-09 23:00:00,6.516764390813049,5.895468860356021,0,18.822969346315322,0.2532155999008469,0,17.0,28.0,0.15
2025-01-10 00:00:00,5.156735716374539,0.0,0,19.067341244727068,0.24792261719345982,0,17.0,28.0,0.15
2025-01-10 01:00:00,4.839069922276031,0.0,0,18.562576330814853,0.369096731465124,0,17.0,28.0,0.15
2025-01-10 02:00:00,3.833892771947331,9.40289464883589,0,18.124331974269058,0.28150641177914854,0,17.0,28.0,0.15
2025-01-10 03:00:00,3.778314570757906,8.659686384171533,0,18.10022856972848,0.29897443758609304,0,17.0,28.0,0.15
2025-01-10 04:00:00,4.687640262357088,2.116097327950502,0,17.556481328141754,0.2838886823557504,0,17.0,28.0,0.15
2025-01-10 05:00:00,6.004625439069732,8.863939595679524,0,17.27222428121,0.26222308486387635,0,17.0,28.0,0.15
2025-01-10 06:00:00,7.390224415031693,4.9076670899381885,0,16.94319842085128,0.2905939741354226,0,17.0,28.0,0.15
2025-01-10 07:00:00,8.414303435174892,154.35353738897965,0,16.993542714406278,0.3983297442294624,0,17.0,28.0,0.15
2025-01-10 08:00:00,10.777295698382813,277.8935915695711,14,17.75086358816377,6.430682836838971,1,20.5,24.5,0.15
2025-01-10 09:00:00,12.619295879243667,385.35174649689077,19,18.50070838097053,6.340882487288309,1,20.5,24.5,0.15
2025-01-10 10:00:00,15.41121456739895,479.6723846507715,16,19.227395256630746,6.4009029641224675,1,20.5,24.5,0.15
2025-01-10 11:00:00,16.497365333480005,501.95326070045985,11,20.248690537233834,6.341739089093345,1,20.5,24.5,0.15
2025-01-10 12:00:00,16.19921911614772,553.8288573638505,5,20.203007706750352,0.22894529444615114,1,20.5,24.5,0.15
2025-01-10 13:00:00,17.133732549539797,494.77507620683974,17,20.035056223411022,0.3407804367065852,1,20.5,24.5,0.15
2025-01-10 14:00:00,16.73438274274115,459.07933800738715,5,20.001538972624644,0.34640371386574204,1,20.5,24.5,0.15
2025-01-10 15:00:00,16.880340839414828,393.426415662011,15,20.401838186928817,0.34184209004191596,1,20.5,24.5,0.15
2025-01-10 16:00:00,16.58032580382808,279.7752933726679,15,19.84677108900924,0.2812053900312171,1,20.5,24.5,0.32
2025-01-10 17:00:00,15.857249101306193,130.72618700498725,7,20.2997132399758,0.2933289706399205,1,20.5,24.5,0.32
2025-01-10 18:00:00,13.382437684845662,0.0,0,20.02656872213922,0.3299906221463249,0,17.0,28.0,0.32
2025-01-10 19:00:00,11.672300466830754,13.70540988614132,0,20.165326096455633,0.3156598414939243,0,17.0,28.0,0.32
2025-01-10 20:00:00,9.052995601257917,0.0,0,19.60370442362135,0.28425450114811823,0,17.0,28.0,0.32
2025-01-10 21:00:00,8.170997877040573,22.42920312402985,0,19.56209992579999,0.2352371271952734,0,17.0,28.0,0.15
2025-01-10 22:00:00,5.968792794070223,0.0,0,19.077957003670075,0.30455500776568045,0,17.0,28.0,0.15
2025-01-10 23:00:00,4.720070074557257,4.0803617688126685,0,18.855462422449218,0.3431603855694445,0,17.0,28.0,0.15
2025-01-11 00:00:00,3.367159262660252,16.168743984986076,0,18.63175531041139,0.2520964684386337,0,17.0,28.0,0.15
2025-01-11 01:00:00,2.991171987489727,1.3102711619341956,0,18.07764040035396,0.32555037526703906,0,17.0,28.0,0.15
2025-01-11 02:00:00,1.8518178530544727,0.0,0,17.984445779566,0.3132616678053477,0,17.0,28.0,0.15
2025-01-11 03:00:00,2.1655547171913634,0.0,0,17.284974583935337,0.33000593052929333,0,17.0,28.0,0.15
2025-01-11 04:00:00,4.591956078344887,0.0,0,17.236025805326584,0.3348790199887603,0,17.0,28.0,0.15
2025-01-11 05:00:00,3.924179331262194,0.0,0,17.059790903497262,0.27222139032298587,0,17.0,28.0,0.15
2025-01-11 06:00:00,5.39664907868531,0.0,0,16.761677410833123,0.23532162399340215,0,17.0,28.0,0.15
2025-01-11 07:00:00,8.478546662768842,134.92855386641205,0,16.823192890065325,0.2786592189726848,0,17.0,28.0,0.15
2025-01-11 08:00:00,10.750618116972554,284.2435775718743,0,16.244271954088102,0.33556509270108026,0,17.0,28.0,0.15
2025-01-11 09:00:00,10.44987895351159,389.25484839445363,0,16.04294829637834,0.27831984385896114,0,17.0,28.0,0.15
2025-01-11 10:00:00,12.465335708778833,473.4860145899655,0,16.07609014639804,0.2722382670456943,0,17.0,28.0,0.15
2025-01-11 11:00:00,14.195307632328735,530.1973851527619,0,16.38202958641537,0.22714598632301447,0,17.0,28.0,0.15
2025-01-11 12:00:00,15.926526648693866,552.2312201840616,0,16.40065466678916,0.37010590218203754,0,17.0,28.0,0.15
2025-01-11 13:00:00,15.193269856256709,537.4273464558854,0,16.358790009842128,0.3330285456570124,0,17.0,28.0,0.15
2025-01-11 14:00:00,15.727900889856095,466.3168497947475,0,16.171519963509432,0.33079583925099054,0,17.0,28.0,0.15
2025-01-11 15:00:00,15.926220619847733,378.49285332638846,0,16.539775486207834,0.33870901547117893,0,17.0,28.0,0.15
2025-01-11 16:00:00,14.981476331372034,286.04679215402524,0,16.17890963536611,0.32306833446173605,0,17.0,28.0,0.32
2025-01-11 17:00:00,13.389846218364955,138.22710608433925,0,16.556128088372684,0.2902268457928188,0,17.0,28.0,0.32
2025-01-11 18:00:00,11.98804664982935,0.0,0,16.766740359410772,0.2934494358351119,0,17.0,28.0,0.32
2025-01-11 19:00:00,9.606647321327618,4.438127093831047,0,16.17380819058692,0.282897425416315,0,17.0,28.0,0.32
2025-01-11 20:00:00,8.29140277919086,4.633698060326869,0,16.042729217591816,0.4053896301766,0,17.0,28.0,0.32
2025-01-11 21:00:00,6.394514815367545,0.0,0,15.640838523401912,0.3222364812519777,0,17.0,28.0,0.15
2025-01-11 22:00:00,4.885402896080342,2.294817154636063,0,15.167344720943545,0.2814479823459426,0,17.0,28.0,0.15
2025-01-11 23:00:00,2.97280487364518,7.355830924283736,0,15.11225732750229,0.3186198709666512,0,17.0,28.0,0.15
2025-01-12 00:00:00,2.305823956546386,3.7438645170626303,0,14.742619920855086,0.25956524328574726,0,17.0,28.0,0.15
2025-01-12 01:00:00,1.8103398683403138,6.3198148376139525,0,14.393061286798375,0.36018026874356907,0,17.0,28.0,0.15
2025-01-12 02:00:00,1.0777146638342316,0.0,0,14.667347464911154,0.2735572361677144,0,17.0,28.0,0.15
2025-01-12 03:00:00,1.3503332671454498,3.310401549961956,0,14.12298010893616,0.3200434173048986,0,17.0,28.0,0.15
2025-01-12 04:00:00,1.8377597311706189,0.0,0,13.875239053848855,0.34263910518972535,0,17.0,28.0,0.15
2025-01-12 05:00:00,2.862654357092872,0.0,0,13.512487825081292,0.3153907417681997,0,17.0,28.0,0.15
2025-01-12 06:00:00,3.8922413795111095,8.705556094197265,0,13.3267557103941,0.30377879967278554,0,17.0,28.0,0.15
2025-01-12 07:00:00,6.041938992562767,157.14321991312872,0,13.387585582479122,0.3004320833942406,0,17.0,28.0,0.15
2025-01-12 08:00:00,7.591011225251415,292.9437005460035,0,13.114757488705331,0.2977423561245157,0,17.0,28.0,0.15
2025-01-12 09:00:00,10.44410390780985,402.05680836766015,0,13.197912957666,0.2769320604428999,0,17.0,28.0,0.15
2025-01-12 10:00:00,11.82057370757797,475.21663026513943,0,13.086662079881554,0.28202066280921184,0,17.0,28.0,0.15
2025-01-12 11:00:00,12.626727298293176,534.786406089251,0,13.103029270748257,0.3591836149460374,0,17.0,28.0,0.15
2025-01-12 12:00:00,13.116986256707627,557.6682287178425,0,12.96609985248444,0.29565853469259373,0,17.0,28.0,0.15
2025-01-12 13:00:00,13.596079488498436,532.4709839519822,0,12.924816344070013,0.2685681492246891,0,17.0,28.0,0.15
2025-01-12 14:00:00,14.943093927912443,477.6216139605568,0,13.31776018183001,0.2793480961255396,0,17.0,28.0,0.15
2025-01-12 15:00:00,14.19940699814048,397.14626097136295,0,13.432934060295013,0.3440148272278889,0,17.0,28.0,0.15
2025-01-12 16:00:00,13.570198720618,274.4071735397406,0,13.221918709716405,0.32702426532657913,0,17.0,28.0,0.32
2025-01-12 17:00:00,11.309223687809517,135.05760544264993,0,13.413939889994431,0.32241316712929025,0,17.0,28.0,0.32
2025-01-12 18:00:00,11.161781504974252,0.0,0,13.380547433714014,0.28969915204360835,0,17.0,28.0,0.32
2025-01-12 19:00:00,9.205818973084877,6.3391037773374235,0,12.892550558041878,0.32293449880691777,0,17.0,28.0,0.32
2025-01-12 20:00:00,6.583037160504352,0.02993291199955732,0,12.969783211783751,0.2742575550019741,0,17.0,28.0,0.32
2025-01-12 21:00:00,5.064737619940644,3.402099768683379,0,13.032085695218235,0.289615438746169,0,17.0,28.0,0.15
2025-01-12 22:00:00,3.7207129906059815,6.700792422021898,0,12.82756105861587,0.3387921794956698,0,17.0,28.0,0.15
2025-01-12 23:00:00,2.144634278294155,0.0,0,12.318667048721105,0.3349711071567626,0,17.0,28.0,0.15
2025-01-13 00:00:00,0.8418807562435042,7.5624816362980605,0,12.300672024873636,0.2607236061619679,0,17.0,28.0,0.15
2025-01-13 01:00:00,0.22164213547696562,3.7884260345839444,0,12.193643317345336,0.26577894188365697,0,17.0,28.0,0.15
2025-01-13 02:00:00,-0.10365034155369995,0.0,0,11.885193832489705,0.3043480861125364,0,17.0,28.0,0.15
2025-01-13 03:00:00,0.32737605224127164,14.423047911862444,0,11.480492770688093,0.3690452949867804,0,17.0,28.0,0.15
2025-01-13 04:00:00,1.679160565643148,0.0,0,11.19918701456952,0.22337739342124022,0,17.0,28.0,0.15
2025-01-13 05:00:00,0.7683219016517222,0.0,0,10.940720361620784,0.31113331758282015,0,17.0,28.0,0.15
2025-01-13 06:00:00,3.381574867745158,0.0,0,10.970811511519878,0.24495826673707405,0,17.0,28.0,0.15
2025-01-13 07:00:00,5.277921485391781,132.1400231996032,0,10.812565414295543,0.27462676025897814,0,17.0,28.0,0.15
2025-01-13 08:00:00,7.153589400481189,275.52173318657526,7,11.689225616121817,6.360422863277431,1,20.5,24.5,0.15
2025-01-13 09:00:00,8.638351605270516,386.1702245971387,7,12.424194521159425,6.358179666262524,1,20.5,24.5,0.15
2025-01-13 10:00:00,9.643977456310452,472.94565240503533,13,13.412260661388213,6.353648162413632,1,20.5,24.5,0.15
2025-01-13 11:00:00,12.14861226369631,537.4562241138124,11,14.179482245688435,6.375288282415055,1,20.5,24.5,0.15
2025-01-13 12:00:00,13.975997109209516,553.3987536119271,11,15.223153067172658,6.3535897773347765,1,20.5,24.5,0.15
2025-01-13 13:00:00,13.062698428987272,534.4196831654305,12,16.120770932467167,6.316501704605834,1,20.5,24.5,0.15
2025-01-13 14:00:00,14.520768395276814,480.41225665472825,16,16.726669169185644,6.406194784500911,1,20.5,24.5,0.15
2025-01-13 15:00:00,13.709451511845295,395.07007633262356,17,17.411989788351057,6.405114886685955,1,20.5,24.5,0.15
2025-01-13 16:00:00,13.169768156288239,253.92046658222552,12,18.81374511257228,6.408726972400907,1,20.5,24.5,0.32
2025-01-13 17:00:00,11.590173701213907,138.70609228374195,14,19.326260284032955,6.313370620149437,1,20.5,24.5,0.32
2025-01-13 18:00:00,10.530834178017223,0.0,0,18.780562014199354,0.311956726103366,0,17.0,28.0,0.32
2025-01-13 19:00:00,9.693524826057908,0.3605992679779541,0,18.755722142557957,0.3270391542322769,0,17.0,28.0,0.32
2025-01-13 20:00:00,7.559276813424975,0.0,0,18.776057580931916,0.2587519172624166,0,17.0,28.0,0.32
2025-01-13 21:00:00,6.360974088530756,10.455322747896803,0,18.319980722908408,0.30036692992728514,0,17.0,28.0,0.15
2025-01-13 22:00:00,4.436228395856857,11.876343927211208,0,17.975322531646032,0.29534933418758536,0,17.0,28.0,0.15
2025-01-13 23:00:00,2.6606003116256214,2.027750482523673,0,17.983704698289927,0.3736860263427305,0,17.0,28.0,0.15
2025-01-14 00:00:00,2.246126471656767,0.0,0,17.205170579082104,0.3769798414805029,0,17.0,28.0,0.15
2025-01-14 01:00:00,0.9420723490547646,4.851611125457379,0,16.89155560579056,0.23342574426679197,0,17.0,28.0,0.15
2025-01-14 02:00:00,0.9478903447388779,0.0,0,16.722276422267175,0.3997570802291196,0,17.0,28.0,0.15
2025-01-14 03:00:00,0.6760201768360735,0.0,0,16.405238780602605,0.263390971153867,0,17.0,28.0,0.15
2025-01-14 04:00:00,1.6107496058966935,9.861363169607678,0,16.10402934361623,0.33922693177309704,0,17.0,28.0,0.15
2025-01-14 05:00:00,2.3969657974877876,0.0,0,15.881596515276643,0.33881991923454924,0,17.0,28.0,0.15
2025-01-14 06:00:00,4.747812363579959,8.056786392425009,0,15.514783250990527,0.2601723909263277,0,17.0,28.0,0.15
2025-01-14 07:00:00,5.411474501577917,149.12448849330943,0,15.36238470226741,0.31973071175356393,0,17.0,28.0,0.15
2025-01-14 08:00:00,8.264535055081588,265.45208182869175,6,15.946697450295336,6.370698650229357,1,20.5,24.5,0.15
2025-01-14 09:00:00,9.652343633934391,398.6476709347751,16,16.79706532810913,6.3971732001852954,1,20.5,24.5,0.15
2025-01-14 10:00:00,12.085623546733656,483.2996355351563,19,17.655462343959666,6.384226892095225,1,20.5,24.5,0.15
2025-01-14 11:00:00,13.390644706125338,532.2784633327142,6,18.48087799719417,6.42285357941481,1,20.5,24.5,0.15
2025-01-14 12:00:00,15.104733427079353,542.3767654197235,11,19.430820405802688,6.378015981725842,1,20.5,24.5,0.15
2025-01-14 13:00:00,15.327084080953314,522.6671442732319,12,20.23018135959007,6.368285037222948,1,20.5,24.5,0.15
2025-01-14 14:00:00,14.483297823440587,470.9373463124111,6,20.08937431788274,0.3438425693222872,1,20.5,24.5,0.15
2025-01-14 15:00:00,15.06744607366404,394.33467428552075,8,19.902173992582853,0.3232158385943441,1,20.5,24.5,0.15
2025-01-14 16:00:00,13.886663881371856,265.44374832598595,7,20.51218082645129,4.4109632717021166,1,20.5,24.5,0.32
2025-01-14 17:00:00,13.172969456917654,146.72559729258526,7,20.381585055689865,0.27341653310965613,1,20.5,24.5,0.32
2025-01-14 18:00:00,12.81057234872573,0.0,0,20.256105176066665,0.258189488744061,0,17.0,28.0,0.32
2025-01-14 19:00:00,10.758677006840665,0.0,0,20.412049109134077,0.27729111426989195,0,17.0,28.0,0.32
2025-01-14 20:00:00,8.35245025335828,1.0964775457400864,0,19.666252207637072,0.27516714457277647,0,17.0,28.0,0.32
2025-01-14 21:00:00,6.457479048855539,24.451301450589167,0,19.54874004844025,0.33144797074611654,0,17.0,28.0,0.15
2025-01-14 22:00:00,5.36693085926528,0.0,0,19.357288349849313,0.33903936201176205,0,17.0,28.0,0.15
2025-01-14 23:00:00,3.367190068450954,14.720145664901334,0,18.83939880719239,0.293794788418704,0,17.0,28.0,0.15
2025-01-15 00:00:00,2.602252034810637,1.4984241398728004,0,18.88884028627561,0.35723676075297406,0,17.0,28.0,0.15
2025-01-15 01:00:00,2.4693063403047937,4.111719180159631,0,18.051329242605085,0.3547387757506052,0,17.0,28.0,0.15
2025-01-15 02:00:00,2.7271162052261984,1.1834791338820452,0,17.84199959337741,0.30973595665602155,0,17.0,28.0,0.15
2025-01-15 03:00:00,2.766828904295355,4.44726818195233,0,17.31268319782676,0.2671243291382784,0,17.0,28.0,0.15
2025-01-15 04:00:00,2.0902619515622254,0.0,0,17.057931097101445,0.3630150659774216,0,17.0,28.0,0.15
2025-01-15 05:00:00,4.574259110535127,14.540501814574583,0,16.893716144813357,0.29755930595886365,0,17.0,28.0,0.15
2025-01-15 06:00:00,5.981058654528916,0.0,0,16.764126058271973,0.30504660785723897,0,17.0,28.0,0.15
2025-01-15 07:00:00,7.912849917173741,153.6728205281789,0,16.49480059392711,0.28641579897573727,0,17.0,28.0,0.15
2025-01-15 08:00:00,10.397615189647409,268.5563287978697,6,17.404538047726785,6.339408386948112,1,20.5,24.5,0.15
2025-01-15 09:00:00,10.440672301225609,388.30621118858824,8,17.907185692997892,6.316254422787388,1,20.5,24.5,0.15
2025-01-15 10:00:00,12.935130336137238,465.5943465585391,9,18.66128529481994,6.400314732942292,1,20.5,24.5,0.15
2025-01-15 11:00:00,15.044984678341994,535.8094416624627,7,20.031168272899883,6.343663957844135,1,20.5,24.5,0.15
2025-01-15 12:00:00,15.139148104999215,564.4512595692653,5,20.416652248840478,6.497381249159873,1,20.5,24.5,0.15
2025-01-15 13:00:00,17.433992564596355,530.485642660779,19,20.292067061770606,0.25655705669550083,1,20.5,24.5,0.15
2025-01-15 14:00:00,17.18417830635033,474.3451150944022,12,20.327952146707247,0.24970470100074518,1,20.5,24.5,0.15
2025-01-15 15:00:00,17.24883692997585,377.7625600219219,11,20.301106236521665,0.32040554862453763,1,20.5,24.5,0.15
2025-01-15 16:00:00,15.903346111857417,272.7070734644769,18,20.6488067032446,0.3611725391586918,1,20.5,24.5,0.32
2025-01-15 17:00:00,15.544269684435942,126.42253220917128,8,20.355948642568595,0.30258358627772886,1,20.5,24.5,0.32
2025-01-15 18:00:00,14.281215381711986,0.0,0,20.310491157120403,0.32288969680749097,0,17.0,28.0,0.32
2025-01-15 19:00:00,12.232747148342472,2.267860461091354,0,20.10061963586233,0.22625810330165158,0,17.0,28.0,0.32
2025-01-15 20:00:00,10.477545921891185,13.190131977413962,0,20.034831456062072,0.2728995381723293,0,17.0,28.0,0.32
2025-01-15 21:00:00,8.737651866296309,28.09210861229503,0,19.50994694863656,0.2570553708344973,0,17.0,28.0,0.15
2025-01-15 22:00:00,6.534431111289961,0.0,0,19.182330315143055,0.22419816600208475,0,17.0,28.0,0.15
2025-01-15 23:00:00,5.492431637864899,14.353001566454399,0,19.11482937797921,0.3046792093609555,0,17.0,28.0,0.15
2025-01-16 00:00:00,4.425223872218806,2.437524804016479,0,18.863252679348157,0.21028689513558263,0,17.0,28.0,0.15
2025-01-16 01:00:00,4.039411707686606,0.0,0,18.49386669790523,0.24711216135650205,0,17.0,28.0,0.15
2025-01-16 02:00:00,4.152389672087138,4.325944517261522,0,17.97714279655545,0.27851224823946324,0,17.0,28.0,0.15
2025-01-16 03:00:00,3.4026995734438863,0.6191648367995918,0,17.923686858158213,0.26674856656195695,0,17.0,28.0,0.15
2025-01-16 04:00:00,4.607368465918018,1.1039572561221853,0,17.380077827342948,0.31585634008828267,0,17.0,28.0,0.15
2025-01-16 05:00:00,6.559211092532874,0.0,0,17.181082855576346,0.3122232076760992,0,17.0,28.0,0.15
2025-01-16 06:00:00,6.930143621398556,0.0,0,16.879343096673622,0.33575194983741824,0,17.0,28.0,0.15
2025-01-16 07:00:00,8.610266187377148,126.9142227811656,0,17.11203126975005,0.3300953493085071,0,17.0,28.0,0.15
2025-01-16 08:00:00,10.962900593204006,281.53244883281224,10,17.754575405469136,6.420632511574455,1,20.5,24.5,0.15
2025-01-16 09:00:00,13.12169257157704,386.141728751744,18,18.589479047712338,6.374923263999638,1,20.5,24.5,0.15
2025-01-16 10:00:00,14.41685863935261,470.3530830848796,14,19.545268769279087,6.3871386760326665,1,20.5,24.5,0.15
2025-01-16 11:00:00,16.546079416102465,531.3442607262191,17,20.715097830468217,6.395460548076768,1,20.5,24.5,0.15
2025-01-16 12:00:00,17.440430642137983,557.9493225291562,8,19.93291759227294,0.305666267895641,1,20.5,24.5,0.15
2025-01-16 13:00:00,18.147523763935087,533.0628438892516,17,20.192582873854178,0.28411222760331706,1,20.5,24.5,0.15
2025-01-16 14:00:00,18.254719903112306,469.75342271503166,6,20.24364675996197,0.28670229862640917,1,20.5,24.5,0.15
2025-01-16 15:00:00,18.912731753983003,401.17165920909065,8,20.246433512180744,0.2672976640668014,1,20.5,24.5,0.15
2025-01-16 16:00:00,16.95400457642041,290.79185502981625,12,20.214064485846723,0.31686467319639317,1,20.5,24.5,0.32
2025-01-16 17:00:00,14.946587731849373,147.2960413596151,5,20.27239006690722,0.29623939303659375,1,20.5,24.5,0.32
2025-01-16 18:00:00,15.302127180758571,9.736635113440968,0,19.998693694556177,0.27347304997452937,0,17.0,28.0,0.32
2025-01-16 19:00:00,12.581485009816033,12.419599968138112,0,20.112624007203806,0.2735102072270163,0,17.0,28.0,0.32
2025-01-16 20:00:00,11.048347816533877,11.300993164045137,0,19.866301954994885,0.25158405088868846,0,17.0,28.0,0.32
2025-01-16 21:00:00,9.830466446499102,6.140991771126236,0,19.72543486555837,0.33915365364948796,0,17.0,28.0,0.15
2025-01-16 22:00:00,6.676531881920797,5.983470470748829,0,19.448024967174216,0.3031447067812715,0,17.0,28.0,0.15
2025-01-16 23:00:00,5.389561871107677,5.196605733465026,0,19.160958624256278,0.26548799921706917,0,17.0,28.0,0.15
2025-01-17 00:00:00,4.087039029313149,0.0,0,18.658686435945874,0.3323419099840807,0,17.0,28.0,0.15
2025-01-17 01:00:00,3.7733027235419465,7.0072315685958575,0,18.782168093200756,0.2775820476082251,0,17.0,28.0,0.15
2025-01-17 02:00:00,4.1309639145807795,0.0,0,18.131227553704836,0.2437399749195107,0,17.0,28.0,0.15
2025-01-17 03:00:00,4.388379797999643,0.0,0,17.45485942116221,0.3408488915687653,0,17.0,28.0,0.15
2025-01-17 04:00:00,4.937706760461615,13.035650678080874,0,17.330566609293516,0.27851612041735546,0,17.0,28.0,0.15
2025-01-17 05:00:00,5.1769941014879395,8.402201626941975,0,16.929438468024536,0.2836440363916484,0,17.0,28.0,0.15
2025-01-17 06:00:00,6.146886017488517,14.873982896858626,0,17.00524551783604,0.30164720081396706,0,17.0,28.0,0.15
2025-01-17 07:00:00,8.983674263986767,139.6337309695135,0,16.819215695088477,0.3457035689116046,0,17.0,28.0,0.15
2025-01-17 08:00:00,10.496162790749711,263.47751158723224,6,17.490190426162137,6.375801491634652,1,20.5,24.5,0.15
2025-01-17 09:00:00,12.73487460003252,386.50435768189766,15,18.75589584338247,6.327035314954191,1,20.5,24.5,0.15
2025-01-17 10:00:00,14.503454361742625,477.334285053847,19,19.360141857395256,6.396755080164487,1,20.5,24.5,0.15
2025-01-17 11:00:00,15.62806374386851,532.0490916223877,11,20.234138219094323,6.355600411029531,1,20.5,24.5,0.15
2025-01-17 12:00:00,17.005907334115058,561.336804787567,5,19.947125697303115,0.37551695886117864,1,20.5,24.5,0.15
2025-01-17 13:00:00,17.392029917371914,527.6465002089532,18,20.010051552726498,0.2999552111200844,1,20.5,24.5,0.15
2025-01-17 14:00:00,17.73113609646039,479.83431679947057,7,20.222678530246263,0.21059858008405336,1,20.5,24.5,0.15
2025-01-17 15:00:00,16.82335771496163,379.0224581582551,12,20.2656200715341,0.31429459888622696,1,20.5,24.5,0.15
2025-01-17 16:00:00,16.33271759511718,279.5031727804381,19,19.929527322875316,0.37778391169040915,1,20.5,24.5,0.32
2025-01-17 17:00:00,15.352710339190558,142.38156030824294,16,20.211025502711674,0.36303681154181555,1,20.5,24.5,0.32
2025-01-17 18:00:00,14.157243841426178,0.0,0,20.113223117914945,0.3732381715502626,0,17.0,28.0,0.32
2025-01-17 19:00:00,11.802503100752363,0.0,0,19.890693757691743,0.25920959258474147,0,17.0,28.0,0.32
2025-01-17 20:00:00,10.387223743993305,0.0,0,19.574816947194606,0.33648609583907113,0,17.0,28.0,0.32
2025-01-17 21:00:00,8.119411441355341,0.0,0,19.370980362560765,0.2711202184105315,0,17.0,28.0,0.15
2025-01-17 22:00:00,6.441228916335937,17.713412422676836,0,19.15381081198274,0.30897157597667696,0,17.0,28.0,0.15
2025-01-17 23:00:00,5.399549309252331,0.0,0,18.901201918546775,0.24908190285041068,0,17.0,28.0,0.15
2025-01-18 00:00:00,2.809059466216965,0.0,0,18.642975705743414,0.27422176940469134,0,17.0,28.0,0.15
2025-01-18 01:00:00,2.390067100578625,0.0,0,18.376433604241527,0.2729501321054554,0,17.0,28.0,0.15
2025-01-18 02:00:00,1.989589350011382,0.0,0,17.77561056684625,0.33594221120570467,0,17.0,28.0,0.15
2025-01-18 03:00:00,1.7322692799627033,0.0,0,17.395292520825077,0.33202876486678623,0,17.0,28.0,0.15
2025-01-18 04:00:00,3.188200302253146,0.0,0,17.24441428644116,0.31107278917323283,0,17.0,28.0,0.15
2025-01-18 05:00:00,4.942607571763085,13.81707593377797,0,17.010285795349947,0.24598314327778456,0,17.0,28.0,0.15
2025-01-18 06:00:00,5.802599834721343,0.0,0,16.58004525694013,0.2875344226420112,0,17.0,28.0,0.15
2025-01-18 07:00:00,7.658984939579108,155.23491729956893,0,16.61964911297574,0.27015534068229097,0,17.0,28.0,0.15
2025-01-18 08:00:00,9.842693280707747,275.61704634050363,0,16.536508589387648,0.3347870302677796,0,17.0,28.0,0.15
2025-01-18 09:00:00,11.69950533405811,389.2810080168169,0,16.529927374914255,0.3471273941126874,0,17.0,28.0,0.15
2025-01-18 10:00:00,12.61489121980978,475.4260076043162,0,16.584718009437637,0.34225542344123533,0,17.0,28.0,0.15
2025-01-18 11:00:00,14.701322801643187,531.2971669752022,0,16.12768675008504,0.26979122322331917,0,17.0,28.0,0.15
2025-01-18 12:00:00,15.108241155708125,567.1879500304985,0,16.317217025922954,0.1904186751084208,0,17.0,28.0,0.15
2025-01-18 13:00:00,15.267999283557094,508.06309719147544,0,16.344714201942278,0.22932152407479783,0,17.0,28.0,0.15
2025-01-18 14:00:00,15.553339636727786,456.2985146370545,0,16.353438762118994,0.35686507912328835,0,17.0,28.0,0.15
2025-01-18 15:00:00,14.797283575534356,383.47702134204,0,16.25823474261005,0.283949802427207,0,17.0,28.0,0.15
2025-01-18 16:00:00,14.320026367271897,275.1452788193756,0,16.090377420148556,0.2699710152693955,0,17.0,28.0,0.32
2025-01-18 17:00:00,13.39891590994279,149.2515190540267,0,16.324829029194504,0.36570641173744933,0,17.0,28.0,0.32
2025-01-18 18:00:00,12.456750641776674,4.730871980274819,0,16.086285337305792,0.35060639781953307,0,17.0,28.0,0.32
2025-01-18 19:00:00,11.154480141095597,0.0,0,16.129447617869634,0.30097794887679147,0,17.0,28.0,0.32
2025-01-18 20:00:00,7.719398893489678,10.190436932417624,0,15.788905745205884,0.28826387635744105,0,17.0,28.0,0.32
2025-01-18 21:00:00,6.724122294501979,10.301954031527309,0,15.534029756847366,0.294715951487475,0,17.0,28.0,0.15
2025-01-18 22:00:00,4.249045981688445,1.8405783127156552,0,15.523789535745859,0.30908651193549863,0,17.0,28.0,0.15
2025-01-18 23:00:00,3.4878170272862894,9.626575724868413,0,15.248061480288216,0.3640018912527843,0,17.0,28.0,0.15
2025-01-19 00:00:00,2.00451136992995,2.726452634321288,0,15.037081531334433,0.3168986969694891,0,17.0,28.0,0.15
2025-01-19 01:00:00,0.38852904650663467,0.0,0,15.008936471252055,0.32904116132156563,0,17.0,28.0,0.15
2025-01-19 02:00:00,1.4641484957842443,6.978168390000047,0,14.37915276217174,0.34677080436280683,0,17.0,28.0,0.15
2025-01-19 03:00:00,0.8719547065414861,1.106131225786777,0,14.12305246632946,0.2532129599590232,0,17.0,28.0,0.15
2025-01-19 04:00:00,1.5442319381949052,0.013398467544869291,0,13.569236103961725,0.3301944756989617,0,17.0,28.0,0.15
2025-01-19 05:00:00,2.3277359549023235,14.729535721895743,0,13.283525786053364,0.2882172498135355,0,17.0,28.0,0.15
2025-01-19 06:00:00,3.925878757938759,0.0,0,13.590857545025596,0.19935619216908934,0,17.0,28.0,0.15
2025-01-19 07:00:00,6.09763708207357,128.17363310479072,0,12.99526700398271,0.2148732183205675,0,17.0,28.0,0.15
2025-01-19 08:00:00,7.545032353989958,263.12929573625627,0,12.877355393580759,0.25927529553925255,0,17.0,28.0,0.15
2025-01-19 09:00:00,9.561850754485791,385.276123176913,0,13.020316996828349,0.32124892914370323,0,17.0,28.0,0.15
2025-01-19 10:00:00,11.214857183304769,473.7678903837809,0,13.01895155467394,0.3045519826136118,0,17.0,28.0,0.15
2025-01-19 11:00:00,13.094134849779008,516.1859479812571,0,12.92563976531723,0.30737466828702653,0,17.0,28.0,0.15
2025-01-19 12:00:00,13.32712178612282,540.1484196768918,0,13.09242581761408,0.37803773930746765,0,17.0,28.0,0.15
2025-01-19 13:00:00,13.413856316067271,522.6507876737519,0,13.426689020979593,0.24923641540560748,0,17.0,28.0,0.15
2025-01-19 14:00:00,14.881133659654003,500.88821300220025,0,13.146972794811647,0.29890266583265107,0,17.0,28.0,0.15
2025-01-19 15:00:00,13.902288299518283,406.92614913007264,0,13.095197466421928,0.31217742091255263,0,17.0,28.0,0.15
2025-01-19 16:00:00,13.88742324121088,270.88250582315345,0,13.554625210008911,0.27054907533846656,0,17.0,28.0,0.32
2025-01-19 17:00:00,12.37320523788785,138.71464190331858,0,13.465368653051017,0.3011330698033176,0,17.0,28.0,0.32
2025-01-19 18:00:00,10.632493499093492,0.0,0,13.205187056244132,0.23600202663662617,0,17.0,28.0,0.32
2025-01-19 19:00:00,9.152996751000842,0.0,0,12.941241974360736,0.3563962486910011,0,17.0,28.0,0.32
2025-01-19 20:00:00,8.113758782774743,0.0,0,12.980459325733973,0.27273541789878264,0,17.0,28.0,0.32
2025-01-19 21:00:00,6.338990288192495,0.0,0,12.956815613259309,0.3812560065911401,0,17.0,28.0,0.15
2025-01-19 22:00:00,3.62354495599411,0.0,0,12.972633552669853,0.2987010270433018,0,17.0,28.0,0.15
2025-01-19 23:00:00,2.1984961757745713,0.0,0,12.345733644998603,0.3411221426159673,0,17.0,28.0,0.15
2025-01-20 00:00:00,1.5260864278784745,0.0,0,12.276968851491874,0.2978678852403538,0,17.0,28.0,0.15
2025-01-20 01:00:00,-0.14944424687372754,1.4862709530283085,0,12.142403423086774,0.2987702467095788,0,17.0,28.0,0.15
2025-01-20 02:00:00,0.18887353385887073,3.6620959778393742,0,11.334462661399055,0.27663882667111966,0,17.0,28.0,0.15
2025-01-20 03:00:00,0.23816337221310918,4.174719587420145,0,11.698136803127118,0.3047649571746511,0,17.0,28.0,0.15
2025-01-20 04:00:00,1.100368684875346,0.0,0,11.07205011845319,0.31271994777656187,0,17.0,28.0,0.15
2025-01-20 05:00:00,1.634966719142668,8.546857301355617,0,11.134961288679655,0.2686296596433928,0,17.0,28.0,0.15
2025-01-20 06:00:00,2.7052162533455153,0.0,0,10.936987193772536,0.2949982233656046,0,17.0,28.0,0.15
2025-01-20 07:00:00,4.153173556709912,148.67905395245947,0,10.955635995352992,0.2755960453577154,0,17.0,28.0,0.15
2025-01-20 08:00:00,6.446900349142835,274.89361323381803,14,11.674771429048336,6.4669865627845935,1,20.5,24.5,0.15
2025-01-20 09:00:00,8.594971253461495,375.1448546618216,19,12.02472068208899,6.3714107692035356,1,20.5,24.5,0.15
2025-01-20 10:00:00,10.375742554225361,473.1519950356294,12,13.186101205622235,6.436809286067862,1,20.5,24.5,0.15
2025-01-20 11:00:00,12.953230103054011,534.9128418796253,18,14.297566811391548,6.367175106767692,1,20.5,24.5,0.15
2025-01-20 12:00:00,13.665318687081072,556.129653804746,16,15.170863829600828,6.385371505661396,1,20.5,24.5,0.15
2025-01-20 13:00:00,13.348583573274526,529.8493254845434,9,16.163481400952634,6.322145437134189,1,20.5,24.5,0.15
2025-01-20 14:00:00,14.262708614653196,491.63176098745186,8,17.083710381607855,6.357117096325285,1,20.5,24.5,0.15
2025-01-20 15:00:00,13.67017500523158,398.9838373624667,16,17.910576111051316,6.38342138683157,1,20.5,24.5,0.15
2025-01-20 16:00:00,13.058248410182612,272.4334588360024,8,18.540794697154617,6.438440153238394,1,20.5,24.5,0.32
2025-01-20 17:00:00,12.209285781273572,149.851692927756,10,18.98666152889371,6.383879311107051,1,20.5,24.5,0.32
2025-01-20 18:00:00,11.00764782268286,19.337934851881936,0,19.057610718825718,0.35534881444771993,0,17.0,28.0,0.32
2025-01-20 19:00:00,8.87387328676642,19.604846007830268,0,18.992524660917674,0.3256291644081168,0,17.0,28.0,0.32
2025-01-20 20:00:00,7.7998749587982985,0.0,0,18.478729813838207,0.36509605357858743,0,17.0,28.0,0.32
2025-01-20 21:00:00,4.923849172754584,0.0,0,18.48861443661279,0.2976383113077978,0,17.0,28.0,0.15
2025-01-20 22:00:00,3.8506919825491464,14.84918786733851,0,18.22308703197357,0.39560890842607216,0,17.0,28.0,0.15
2025-01-20 23:00:00,3.7398938354587488,0.0,0,17.769982859951288,0.28058415188343505,0,17.0,28.0,0.15
2025-01-21 00:00:00,1.4856990798855059,0.0,0,16.84087120520546,0.2693415266320932,0,17.0,28.0,0.15
2025-01-21 01:00:00,1.4391830229887015,0.0,0,16.81422654367568,0.2515978860124386,0,17.0,28.0,0.15
2025-01-21 02:00:00,0.5796563454269497,4.202267094745857,0,17.024988518318025,0.3932409868623228,0,17.0,28.0,0.15
2025-01-21 03:00:00,1.1146942012683232,0.0,0,16.24737155208352,0.33277790290471587,0,17.0,28.0,0.15
2025-01-21 04:00:00,1.5490851007707476,0.0,0,15.665766285485965,0.28663517066478766,0,17.0,28.0,0.15
2025-01-21 05:00:00,2.66047391855582,0.0,0,15.953712490517542,0.3499609078749398,0,17.0,28.0,0.15
2025-01-21 06:00:00,3.863279197919819,0.0,0,15.474831848640603,0.32750768740471126,0,17.0,28.0,0.15
2025-01-21 07:00:00,6.2157769926141295,133.555378519797,0,15.482709376764234,0.3786450988550236,0,17.0,28.0,0.15
2025-01-21 08:00:00,7.447591289279873,297.8163287727606,14,16.074300200271033,6.313086686690403,1,20.5,24.5,0.15
2025-01-21 09:00:00,10.080461780843683,391.88384036445666,12,16.889216975841357,6.36438559566743,1,20.5,24.5,0.15
2025-01-21 10:00:00,12.042643502222955,485.18156262548865,12,17.689320890448506,6.356499144642287,1,20.5,24.5,0.15
2025-01-21 11:00:00,13.198475915378316,526.3684297777984,5,18.546516620027493,6.296052692943656,1,20.5,24.5,0.15
2025-01-21 12:00:00,14.051285981478106,548.1404332281395,11,19.65856353356491,6.4174130881911875,1,20.5,24.5,0.15
2025-01-21 13:00:00,15.188679525038342,524.1236646452841,10,20.250875271883015,6.364184137767865,1,20.5,24.5,0.15
2025-01-21 14:00:00,15.114981423494001,449.7968887322493,17,19.805643011262305,0.3295852481994625,1,20.5,24.5,0.15
2025-01-21 15:00:00,15.568696222845714,375.1286368841225,17,20.186639853299397,0.39439087737318446,1,20.5,24.5,0.15
2025-01-21 16:00:00,13.556964435561696,256.893813200196,16,20.26723067078261,0.28587025232689567,1,20.5,24.5,0.32
2025-01-21 17:00:00,13.264305694041472,119.85263702687048,5,20.716486145176507,4.52699554740743,1,20.5,24.5,0.32
2025-01-21 18:00:00,11.059552134525374,0.0,0,20.21723769507537,0.30474656678895984,0,17.0,28.0,0.32
2025-01-21 19:00:00,9.692379686278217,13.249556793816309,0,20.273732888077483,0.3394898941193364,0,17.0,28.0,0.32
2025-01-21 20:00:00,9.383846582554607,0.0,0,19.998014055017983,0.27733147898759397,0,17.0,28.0,0.32
2025-01-21 21:00:00,7.411930223061582,12.90563762321174,0,20.024402157514828,0.27476153611471477,0,17.0,28.0,0.15
2025-01-21 22:00:00,4.990799696184765,4.109825769008753,0,19.108856794599525,0.3422875708096546,0,17.0,28.0,0.15
2025-01-21 23:00:00,3.2242184151210695,7.825588257151592,0,18.80378817255419,0.3151455729535214,0,17.0,28.0,0.15
2025-01-22 00:00:00,1.4555577545881018,0.0,0,18.459519301655074,0.21821086947980717,0,17.0,28.0,0.15
2025-01-22 01:00:00,2.041553850562861,5.239509541926708,0,18.06749232603821,0.25098432802123566,0,17.0,28.0,0.15
2025-01-22 02:00:00,3.3596676932965472,7.287142340743459,0,17.67343406425457,0.3600494345530884,0,17.0,28.0,0.15
2025-01-22 03:00:00,2.6798903039149584,0.0,0,17.00572899011154,0.3160771313231525,0,17.0,28.0,0.15
2025-01-22 04:00:00,2.9561205628365372,5.5954037061616635,0,17.10793752492498,0.26951216275851003,0,17.0,28.0,0.15
2025-01-22 05:00:00,4.654615850770146,5.6618775857483294,0,16.979818048784978,0.2931836137106007,0,17.0,28.0,0.15
2025-01-22 06:00:00,5.164562691415409,0.0,0,16.568216846067056,0.3005294669120668,0,17.0,28.0,0.15
2025-01-22 07:00:00,7.55724309313858,131.12279048367645,0,16.81993758993912,0.32942933441120653,0,17.0,28.0,0.15
2025-01-22 08:00:00,9.639249085329672,263.1587166810172,16,17.24213278813558,6.320669464205649,1,20.5,24.5,0.15
2025-01-22 09:00:00,11.429241113717456,389.7737850718157,18,18.284313553309687,6.341362034453182,1,20.5,24.5,0.15
2025-01-22 10:00:00,13.626085109577831,479.5840707693344,9,18.909469461898354,6.385918230194536,1,20.5,24.5,0.15
2025-01-22 11:00:00,14.921854130063334,523.3339461544084,8,19.832070105474966,6.371006616780182,1,20.5,24.5,0.15
2025-01-22 12:00:00,16.26410831378018,550.265853413261,13,20.55026347970804,6.11589493532347,1,20.5,24.5,0.15
2025-01-22 13:00:00,16.351831899454222,536.9645748203725,12,20.764117659940045,0.25081970410561605,1,20.5,24.5,0.15
2025-01-22 14:00:00,17.448907704205272,482.49587922809434,11,20.55909883411876,0.3142851470508528,1,20.5,24.5,0.15
2025-01-22 15:00:00,17.640013410866143,404.42753085382606,16,20.688032056940393,0.34366334477509886,1,20.5,24.5,0.15
2025-01-22 16:00:00,15.703743182792605,287.76980832198035,16,20.659374791536706,0.3194727418859713,1,20.5,24.5,0.32
2025-01-22 17:00:00,14.693540011595553,132.3375604788211,8,20.462415894841737,0.3055644695904637,1,20.5,24.5,0.32
2025-01-22 18:00:00,14.41487177187758,16.835862095380293,0,20.45580908807495,0.29616465589736113,0,17.0,28.0,0.32
2025-01-22 19:00:00,12.020636144926362,0.0,0,20.602652134058808,0.26660595388913993,0,17.0,28.0,0.32
2025-01-22 20:00:00,11.062256171575113,10.448728124544274,0,19.953456983418473,0.29712005630240845,0,17.0,28.0,0.32
2025-01-22 21:00:00,8.381212390709353,0.6798662605108885,0,19.82415284123086,0.35038823411521625,0,17.0,28.0,0.15
2025-01-22 22:00:00,7.69362653179501,0.0,0,19.712030696138015,0.29523885973599495,0,17.0,28.0,0.15
2025-01-22 23:00:00,5.631938886387801,0.0,0,19.38861371340035,0.2644078404260636,0,17.0,28.0,0.15
2025-01-23 00:00:00,4.63059955010633,0.0,0,18.86796212734225,0.2803101164493845,0,17.0,28.0,0.15
2025-01-23 01:00:00,4.63007378634481,0.0,0,18.126244382657354,0.3080340118910372,0,17.0,28.0,0.15
2025-01-23 02:00:00,3.4715923099099024,9.672992358427724,0,18.320130074925235,0.2850594401127661,0,17.0,28.0,0.15
2025-01-23 03:00:00,3.461406566470613,15.167926571392481,0,17.50697389546773,0.3194121313225256,0,17.0,28.0,0.15
2025-01-23 04:00:00,4.445590877063632,0.0,0,17.877375853372076,0.3209137504299612,0,17.0,28.0,0.15
2025-01-23 05:00:00,6.044650294024955,3.0197074251927116,0,17.391198706099356,0.3355593272161859,0,17.0,28.0,0.15
2025-01-23 06:00:00,6.519058199714582,0.0,0,17.30408996465273,0.3569423788906013,0,17.0,28.0,0.15
2025-01-23 07:00:00,9.340126647347867,136.0656275050185,0,16.8055419918178,0.3398343489748944,0,17.0,28.0,0.15
2025-01-23 08:00:00,10.592361838479537,282.74494703865366,6,17.42309656093019,6.337630437434082,1,20.5,24.5,0.15
2025-01-23 09:00:00,13.273406306701164,388.523347034167,12,18.564427485985615,6.338858622136949,1,20.5,24.5,0.15
2025-01-23 10:00:00,13.214015459122047,493.7104525007514,6,19.290556459529775,6.371969140941607,1,20.5,24.5,0.15
2025-01-23 11:00:00,15.488316233331885,526.4368796719584,11,20.045863297717734,6.356952985710423,1,20.5,24.5,0.15
2025-01-23 12:00:00,16.168799575237664,559.9933633247449,5,20.14178538991901,0.25446693092156225,1,20.5,24.5,0.15
2025-01-23 13:00:00,17.313498997308077,532.2333385885654,14,20.68016893863914,0.28233232823308024,1,20.5,24.5,0.15
2025-01-23 14:00:00,18.101494603004728,484.2717521788836,9,20.37618783272525,0.2810194826552384,1,20.5,24.5,0.15
2025-01-23 15:00:00,17.659291891085083,384.4371530793017,8,20.433690014712393,0.27312609040955177,1,20.5,24.5,0.15
2025-01-23 16:00:00,16.92989663637942,274.50441162448413,5,20.37454188629663,0.28736842055379974,1,20.5,24.5,0.32
2025-01-23 17:00:00,15.8687564421926,141.19548601339721,18,20.4898804864145,0.34713803401273324,1,20.5,24.5,0.32
2025-01-23 18:00:00,14.601694120309972,0.0,0,20.066705130012544,0.30796952164996955,0,17.0,28.0,0.32
2025-01-23 19:00:00,12.306066704322891,6.620815345817527,0,19.561653593793633,0.39887236304221874,0,17.0,28.0,0.32
2025-01-23 20:00:00,11.347832414811887,6.502490055783642,0,19.71093512228994,0.30682032744078597,0,17.0,28.0,0.32
2025-01-23 21:00:00,9.50702408926158,5.9355469490556665,0,19.668215193373236,0.2883973690425099,0,17.0,28.0,0.15
2025-01-23 22:00:00,7.670180621278309,15.369656539176447,0,19.090488267867894,0.3001653153061946,0,17.0,28.0,0.15
2025-01-23 23:00:00,6.293652199536379,14.493448012363036,0,18.951743446022803,0.3102596791377416,0,17.0,28.0,0.15
2025-01-24 00:00:00,5.035886998276906,0.0,0,18.554659440050454,0.31741015828684255,0,17.0,28.0,0.15
2025-01-24 01:00:00,5.187907519920193,3.7305231843417825,0,18.655561319283887,0.38306845303436093,0,17.0,28.0,0.15
2025-01-24 02:00:00,3.86759852604603,0.0,0,18.203350734298265,0.26618718140089725,0,17.0,28.0,0.15
2025-01-24 03:00:00,3.9727442674259703,0.23355316114555458,0,17.878206501376766,0.3343618423271094,0,17.0,28.0,0.15
2025-01-24 04:00:00,4.42280588061865,0.0,0,17.581803826552616,0.30831002390456497,0,17.0,28.0,0.15
2025-01-24 05:00:00,5.367245708145204,16.20070309136051,0,17.200772543068688,0.23715609029717527,0,17.0,28.0,0.15
2025-01-24 06:00:00,6.679701842004303,3.6369815034296282,0,17.013704316081938,0.3308279512837905,0,17.0,28.0,0.15
2025-01-24 07:00:00,8.512098814676119,140.1701835253422,0,16.59411426190805,0.35070494243215616,0,17.0,28.0,0.15
2025-01-24 08:00:00,10.696710616742841,286.9361857185637,17,17.204710926189836,6.340712943848903,1,20.5,24.5,0.15
2025-01-24 09:00:00,12.67232927842307,367.20257555464696,9,18.41362117166014,6.374642645284321,1,20.5,24.5,0.15
2025-01-24 10:00:00,14.178048577908072,456.17294613278835,17,19.29417357097034,6.305985829519692,1,20.5,24.5,0.15
2025-01-24 11:00:00,15.176175389124312,539.2175910111854,7,20.26886987129794,6.324647741612626,1,20.5,24.5,0.15
2025-01-24 12:00:00,17.075933073437113,550.6046844811736,9,20.36509729140335,0.3419211831046901,1,20.5,24.5,0.15
2025-01-24 13:00:00,17.647130566464856,533.7636674615952,8,20.401466547033543,0.2813433397597026,1,20.5,24.5,0.15
2025-01-24 14:00:00,17.386279589948646,463.05001104825584,6,19.953180216304894,0.2556478810024784,1,20.5,24.5,0.15
2025-01-24 15:00:00,16.849236274064214,388.6763925440975,6,20.0639151992096,0.30917841457833717,1,20.5,24.5,0.15
2025-01-24 16:00:00,16.696737262447808,295.03509410401335,7,20.200255628684822,0.2791035027427591,1,20.5,24.5,0.32
2025-01-24 17:00:00,15.348309084605132,150.59247100434519,6,20.507896023702287,0.28116713368897855,1,20.5,24.5,0.32
2025-01-24 18:00:00,13.02291597400994,1.6970654514281884,0,20.165375569481643,0.32957304102699614,0,17.0,28.0,0.32
2025-01-24 19:00:00,11.965383558872448,0.0,0,19.92735303861414,0.2535306656426261,0,17.0,28.0,0.32
2025-01-24 20:00:00,10.25765802216444,0.0,0,19.449480731405597,0.26378539149272673,0,17.0,28.0,0.32
2025-01-24 21:00:00,7.80248344406915,0.0,0,19.104667376283775,0.30616319968595473,0,17.0,28.0,0.15
2025-01-24 22:00:00,6.594921696418723,2.5764042092116055,0,19.129495897754918,0.33877639162992823,0,17.0,28.0,0.15
2025-01-24 23:00:00,4.257378545611401,8.45483108481854,0,18.46883463029657,0.349526412059594,0,17.0,28.0,0.15
2025-01-25 00:00:00,4.473682701750132,0.0,0,18.314363748367203,0.27339753118553506,0,17.0,28.0,0.15
2025-01-25 01:00:00,3.662278257145722,0.0,0,18.016003990881902,0.3374950786767859,0,17.0,28.0,0.15
2025-01-25 02:00:00,2.6044233815813103,0.0,0,17.986684765596262,0.2686343082611836,0,17.0,28.0,0.15
2025-01-25 03:00:00,3.0808045088063962,0.0,0,17.317151669623282,0.373048373876272,0,17.0,28.0,0.15
2025-01-25 04:00:00,2.3223715394307973,0.5348162682190022,0,16.61343389859122,0.25464915898321083,0,17.0,28.0,0.15
2025-01-25 05:00:00,3.989716791766548,0.0,0,16.85829271647497,0.3531391524316692,0,17.0,28.0,0.15
2025-01-25 06:00:00,5.798152407836569,6.142704383570639,0,16.402951956294086,0.27374055572725103,0,17.0,28.0,0.15
2025-01-25 07:00:00,7.024023387894753,149.88902550572323,0,16.34406195857762,0.380529858191784,0,17.0,28.0,0.15
2025-01-25 08:00:00,9.655282773667684,272.4889741196308,0,16.20226084870078,0.3236528291540994,0,17.0,28.0,0.15
2025-01-25 09:00:00,12.034310533298266,364.10164455275566,0,16.113733529262895,0.2593593388236711,0,17.0,28.0,0.15
2025-01-25 10:00:00,12.061152827458198,466.34978582141736,0,16.262401678990532,0.2791104608182997,0,17.0,28.0,0.15
2025-01-25 11:00:00,13.605798154815895,543.5882238000146,0,15.843725142848637,0.3312472482089497,0,17.0,28.0,0.15
2025-01-25 12:00:00,15.179902010646037,522.2200571927143,0,16.058296873954752,0.34210577670462244,0,17.0,28.0,0.15
2025-01-25 13:00:00,16.49225646972064,527.7839703370524,0,16.334702409338263,0.2971713763310215,0,17.0,28.0,0.15
2025-01-25 14:00:00,15.239352656557204,464.51396429676873,0,16.126279585224754,0.30178633123853865,0,17.0,28.0,0.15
2025-01-25 15:00:00,15.662069892970337,396.9544326684495,0,15.974385190527176,0.3303341213057626,0,17.0,28.0,0.15
2025-01-25 16:00:00,15.67474271954528,268.24886047856535,0,16.398279369404737,0.30527193708043276,0,17.0,28.0,0.32
2025-01-25 17:00:00,12.75204467989037,146.39001501374267,0,16.417806830358035,0.24825980562646496,0,17.0,28.0,0.32
2025-01-25 18:00:00,11.414423528664454,5.654604191690998,0,16.10336209225186,0.26748103901439274,0,17.0,28.0,0.32
2025-01-25 19:00:00,10.082291922282186,18.3622583973002,0,15.628799735582552,0.3094047977260666,0,17.0,28.0,0.32
2025-01-25 20:00:00,8.150195444750485,0.0,0,15.937956174107983,0.34861929665990776,0,17.0,28.0,0.32
2025-01-25 21:00:00,6.9340092042488415,3.7604436962261136,0,15.31880062907911,0.3646392969664819,0,17.0,28.0,0.15
2025-01-25 22:00:00,4.890147811177624,0.0,0,15.439111241860624,0.331181176830858,0,17.0,28.0,0.15
2025-01-25 23:00:00,2.3629874532336252,11.90413563293744,0,14.94088978981851,0.31149163044145456,0,17.0,28.0,0.15
2025-01-26 00:00:00,2.3277598967242192,0.0,0,14.613181333054818,0.3299525554392991,0,17.0,28.0,0.15
2025-01-26 01:00:00,1.0152125157525689,0.0,0,14.441170640209648,0.27332996599172577,0,17.0,28.0,0.15
2025-01-26 02:00:00,1.6372236084706222,0.0,0,14.206626537640249,0.2938707615896714,0,17.0,28.0,0.15
2025-01-26 03:00:00,0.8606612947273923,0.0,0,13.831758057024254,0.26703477114642094,0,17.0,28.0,0.15
2025-01-26 04:00:00,1.4928744158305651,2.28770028928938,0,13.782168913992093,0.2500502955716915,0,17.0,28.0,0.15
2025-01-26 05:00:00,3.1331779659494345,9.674662729250107,0,13.366847679708124,0.3133419604654482,0,17.0,28.0,0.15
2025-01-26 06:00:00,4.634483637451,2.929338234972916,0,13.431591316074128,0.3074205322633897,0,17.0,28.0,0.15
2025-01-26 07:00:00,6.107741543694213,126.46149916459916,0,13.16247066984049,0.3275060993803605,0,17.0,28.0,0.15
2025-01-26 08:00:00,6.796855865765762,273.76190705670336,0,12.875893496068256,0.32184447323569787,0,17.0,28.0,0.15
2025-01-26 09:00:00,9.666536973308675,396.329018682396,0,12.812455694507907,0.3097057708529545,0,17.0,28.0,0.15
2025-01-26 10:00:00,10.51674223050315,457.53408442178215,0,12.664039872362022,0.3222646666271022,0,17.0,28.0,0.15
2025-01-26 11:00:00,12.551442077809062,520.5115443208105,0,13.056045486201254,0.29829267615090094,0,17.0,28.0,0.15
2025-01-26 12:00:00,12.786647643855481,558.7654360408152,0,12.991028316658689,0.316515655808896,0,17.0,28.0,0.15
2025-01-26 13:00:00,14.375446298261675,533.9601588009605,0,12.71006781722382,0.2709542238925456,0,17.0,28.0,0.15
2025-01-26 14:00:00,13.944222999214325,480.43368790270887,0,13.106288467318429,0.3147882370255652,0,17.0,28.0,0.15
2025-01-26 15:00:00,13.426715060436651,407.50367772883425,0,13.086168614182524,0.32673670741144034,0,17.0,28.0,0.15
2025-01-26 16:00:00,13.687037087163397,279.685527785062,0,13.569516510040513,0.27321274287711184,0,17.0,28.0,0.32
2025-01-26 17:00:00,12.302338942134991,148.92935491071836,0,12.972827933862293,0.30207328395971383,0,17.0,28.0,0.32
2025-01-26 18:00:00,10.391073863498715,27.107455272183326,0,12.959579229858083,0.2750558996148256,0,17.0,28.0,0.32
2025-01-26 19:00:00,9.704198228488227,0.0,0,13.342129837307667,0.2789397321393554,0,17.0,28.0,0.32
2025-01-26 20:00:00,6.917926291926722,0.0,0,13.250747382409495,0.2550028257959138,0,17.0,28.0,0.32
2025-01-26 21:00:00,5.316553860651088,4.277963982471327,0,12.705079583600925,0.3506309970066622,0,17.0,28.0,0.15
2025-01-26 22:00:00,3.7233111122670213,4.389910293888949,0,12.52694844676141,0.3426274069888019,0,17.0,28.0,0.15
2025-01-26 23:00:00,1.8085679120517268,0.0,0,12.51530831753064,0.3214973541690935,0,17.0,28.0,0.15
2025-01-27 00:00:00,1.223534495845245,0.0,0,11.741562132876034,0.37888783807775256,0,17.0,28.0,0.15
2025-01-27 01:00:00,0.00666009592758382,23.09844422090078,0,11.5625616957104,0.2924301721372643,0,17.0,28.0,0.15
2025-01-27 02:00:00,-0.1834808135583612,3.2684347038802293,0,11.583784683930011,0.4212704966044254,0,17.0,28.0,0.15
2025-01-27 03:00:00,0.932416116091707,0.0,0,11.679800985332024,0.2908988233854712,0,17.0,28.0,0.15
2025-01-27 04:00:00,0.4231215528903526,9.159303022795985,0,11.083791762285665,0.31020773407024066,0,17.0,28.0,0.15
2025-01-27 05:00:00,0.8452609566526259,0.0,0,10.955294443107938,0.28408888344239164,0,17.0,28.0,0.15
2025-01-27 06:00:00,4.305468497505947,0.0,0,10.996517184426086,0.3148930224024122,0,17.0,28.0,0.15
2025-01-27 07:00:00,6.464329251009059,147.97320352553135,0,11.092040287030336,0.33342459711544975,0,17.0,28.0,0.15
2025-01-27 08:00:00,6.802957772912974,262.08117731768306,19,11.45441621097711,6.370443344277876,1,20.5,24.5,0.15
2025-01-27 09:00:00,7.855889875621068,392.4350016917728,13,12.390955810175017,6.446068793884705,1,20.5,24.5,0.15
2025-01-27 10:00:00,10.367096359451772,495.44352015875876,8,13.581823110973815,6.384565971385339,1,20.5,24.5,0.15
2025-01-27 11:00:00,11.84150304691892,535.9209810809607,9,13.861725396995638,6.385819415444408,1,20.5,24.5,0.15
2025-01-27 12:00:00,13.017360081616294,546.2378789621654,10,15.214545403091515,6.3386400922194515,1,20.5,24.5,0.15
2025-01-27 13:00:00,13.272935110484418,526.1881516547052,13,15.737848741734293,6.391739962982015,1,20.5,24.5,0.15
2025-01-27 14:00:00,14.378634959665957,472.2105723479902,9,16.812247753718648,6.369638911167625,1,20.5,24.5,0.15
2025-01-27 15:00:00,14.135967811049785,386.36910287212334,14,17.612597265760545,6.350670410826509,1,20.5,24.5,0.15
2025-01-27 16:00:00,12.45322751929301,271.2219346724172,11,18.265609719451806,6.343941023674065,1,20.5,24.5,0.32
2025-01-27 17:00:00,12.466221322413322,151.51358921713222,14,19.027768518026747,6.481870535190267,1,20.5,24.5,0.32
2025-01-27 18:00:00,11.724404755168106,0.0,0,19.091274422719923,0.2894609099928386,0,17.0,28.0,0.32
2025-01-27 19:00:00,9.129482694926958,8.62000050412134,0,19.005316287716255,0.24172058316874928,0,17.0,28.0,0.32
2025-01-27 20:00:00,7.099286611396867,0.0,0,18.54690852631486,0.27207114161069706,0,17.0,28.0,0.32
2025-01-27 21:00:00,5.423816678622025,3.7694778569537224,0,18.29642684584428,0.29793728642095146,0,17.0,28.0,0.15
2025-01-27 22:00:00,4.155150834852293,0.0,0,18.07835623155189,0.3218666813046594,0,17.0,28.0,0.15
2025-01-27 23:00:00,1.5757211694072193,13.28631066849436,0,17.44416781561211,0.3221918608690125,0,17.0,28.0,0.15
2025-01-28 00:00:00,1.456354560061519,12.456349601718731,0,17.400808652835643,0.327064582071061,0,17.0,28.0,0.15
2025-01-28 01:00:00,0.5273437949542095,9.595905257500736,0,17.05086199936072,0.2742055877345068,0,17.0,28.0,0.15
2025-01-28 02:00:00,1.4578087628183631,0.0,0,17.035038688848932,0.3136176177400618,0,17.0,28.0,0.15
2025-01-28 03:00:00,0.7372192867009456,8.291210710660529,0,16.154152685443336,0.26495762143557683,0,17.0,28.0,0.15
2025-01-28 04:00:00,2.4114205035268474,4.048550876357089,0,15.838483077377603,0.27521428067943954,0,17.0,28.0,0.15
2025-01-28 05:00:00,2.1938073602469186,0.0,0,15.759850630748101,0.2632916410199896,0,17.0,28.0,0.15
2025-01-28 06:00:00,4.546649979683925,0.0,0,15.527243812395973,0.2524644458160692,0,17.0,28.0,0.15
2025-01-28 07:00:00,6.160326445030961,145.99581969671905,0,15.096936695619963,0.34256837955432035,0,17.0,28.0,0.15
2025-01-28 08:00:00,7.438836259940365,280.56075273823143,5,15.82046100669155,6.402544468039156,1,20.5,24.5,0.15
2025-01-28 09:00:00,9.836367220005444,390.6813433220897,11,16.765538415891502,6.414066614799125,1,20.5,24.5,0.15
2025-01-28 10:00:00,12.1062594184158,479.22628624991506,11,17.335742320561085,6.376572522640972,1,20.5,24.5,0.15
2025-01-28 11:00:00,12.853314359616405,545.9953183815186,6,18.209816866086367,6.406072307954606,1,20.5,24.5,0.15
2025-01-28 12:00:00,13.34842902367107,562.2603390991068,19,19.15293224774149,6.304548423814298,1,20.5,24.5,0.15
2025-01-28 13:00:00,14.952915322145278,502.5886549211602,8,20.129593955230497,6.409523500721814,1,20.5,24.5,0.15
2025-01-28 14:00:00,14.81810640387095,473.13958653306446,9,20.39117224908768,4.699399795930343,1,20.5,24.5,0.15
2025-01-28 15:00:00,14.929752190781207,387.2622193771616,11,20.135564339298334,0.3250843840059666,1,20.5,24.5,0.15
2025-01-28 16:00:00,14.431873592826705,257.47901427273024,17,20.093546919018493,0.31520093196194454,1,20.5,24.5,0.32
2025-01-28 17:00:00,12.579283270093029,143.29230538870968,16,20.127422042945454,0.2605177938185245,1,20.5,24.5,0.32
2025-01-28 18:00:00,11.247128962427034,12.487577724105133,0,19.920297055830243,0.24007840898435812,0,17.0,28.0,0.32
2025-01-28 19:00:00,10.680943519154583,0.0,0,19.922094245442974,0.2715178333526815,0,17.0,28.0,0.32
2025-01-28 20:00:00,8.440556119562805,3.364009386898723,0,19.48514867028717,0.3225966912509165,0,17.0,28.0,0.32
2025-01-28 21:00:00,5.6819655611654545,0.0,0,19.266821789819225,0.3276036566070158,0,17.0,28.0,0.15
2025-01-28 22:00:00,5.74296183113122,0.0,0,18.95615627744033,0.24528230890472547,0,17.0,28.0,0.15
2025-01-28 23:00:00,4.111655020778637,14.77393634170035,0,18.6907576416159,0.2607560253012714,0,17.0,28.0,0.15
2025-01-29 00:00:00,2.580884761490685,0.0,0,18.654881706168275,0.27107057256236644,0,17.0,28.0,0.15
2025-01-29 01:00:00,1.65488649900005,4.622124890106247,0,18.17072855393529,0.28570779758932735,0,17.0,28.0,0.15
2025-01-29 02:00:00,2.5673641353300143,0.0,0,17.71664388944186,0.2455179667658939,0,17.0,28.0,0.15
2025-01-29 03:00:00,2.637123479463349,18.623175613948803,0,17.303673808325843,0.2431179293543947,0,17.0,28.0,0.15
2025-01-29 04:00:00,4.427207847203318,6.026524463064989,0,17.026527661630876,0.26712658814369783,0,17.0,28.0,0.15
2025-01-29 05:00:00,4.632170045382462,0.0,0,16.891380133626576,0.3034501534490002,0,17.0,28.0,0.15
2025-01-29 06:00:00,6.138893438543631,5.755465099998948,0,16.70479918881064,0.25277622640986036,0,17.0,28.0,0.15
2025-01-29 07:00:00,7.622440809433114,128.25228051690831,0,16.253236477371555,0.2953678596011293,0,17.0,28.0,0.15
2025-01-29 08:00:00,9.997898282422199,286.8253074175265,15,17.19817576403549,6.417342112645673,1,20.5,24.5,0.15
2025-01-29 09:00:00,11.78483404025205,385.66888189763677,18,17.646518589758482,6.32292881050346,1,20.5,24.5,0.15
2025-01-29 10:00:00,13.856544553015388,474.2732769309569,18,18.90707685421758,6.366742169663579,1,20.5,24.5,0.15
2025-01-29 11:00:00,14.488870057626663,526.3426483093327,12,19.835950992749854,6.415990269350031,1,20.5,24.5,0.15
2025-01-29 12:00:00,15.712241568254203,544.1934859725442,19,20.449587647161444,5.871861238689428,1,20.5,24.5,0.15
2025-01-29 13:00:00,16.456466455113606,538.2059105752717,12,20.847118354837953,0.2770532123656632,1,20.5,24.5,0.15
2025-01-29 14:00:00,17.39540086058949,478.87304058248355,14,20.404868039744642,0.34653983257225895,1,20.5,24.5,0.15
2025-01-29 15:00:00,17.57473215720251,395.42621106663154,14,20.64059993680444,0.2877519168411381,1,20.5,24.5,0.15
2025-01-29 16:00:00,15.959397696043661,274.91205310514425,19,20.607585675520358,0.3441798010082227,1,20.5,24.5,0.32
2025-01-29 17:00:00,14.925000975556292,147.48247291715836,16,20.55933171006783,0.31715861564508796,1,20.5,24.5,0.32
2025-01-29 18:00:00,13.904018215652368,0.0,0,20.411206563794675,0.28628621388360653,0,17.0,28.0,0.32
2025-01-29 19:00:00,11.99342738826744,22.297318414095486,0,20.26918358038916,0.3191876212239012,0,17.0,28.0,0.32
2025-01-29 20:00:00,10.836372302111783,0.0,0,20.197151087948182,0.3128179805538415,0,17.0,28.0,0.32
2025-01-29 21:00:00,7.476591601345927,12.609373235629844,0,20.019562659517103,0.34083531284009894,0,17.0,28.0,0.15
2025-01-29 22:00:00,6.552751220201212,13.679074507209707,0,19.484122405879553,0.2780661784853993,0,17.0,28.0,0.15
2025-01-29 23:00:00,5.1749878110043515,0.0,0,19.3190762053055,0.3016482426712648,0,17.0,28.0,0.15
2025-01-30 00:00:00,3.3413071322519143,22.292736105559733,0,18.702826633486684,0.2975393728158145,0,17.0,28.0,0.15
2025-01-30 01:00:00,3.3658955533254593,9.954902829453182,0,18.630632174559516,0.3281659256655914,0,17.0,28.0,0.15
2025-01-30 02:00:00,3.194899490709025,9.711390068229115,0,18.022801351553454,0.25899283222223296,0,17.0,28.0,0.15
2025-01-30 03:00:00,3.8314152871736735,0.2802218702587669,0,18.04368384659061,0.34067908192951424,0,17.0,28.0,0.15
2025-01-30 04:00:00,5.22635592690794,0.0,0,17.969912944072366,0.31865315088681667,0,17.0,28.0,0.15
2025-01-30 05:00:00,5.695952993108035,0.0,0,17.290908786095088,0.24732299705468214,0,17.0,28.0,0.15
2025-01-30 06:00:00,6.786530875669262,3.905305963195172,0,16.688950704320693,0.34833051301922,0,17.0,28.0,0.15
2025-01-30 07:00:00,8.992913925415543,156.36233755672538,0,16.824067392461256,0.38936372323190926,0,17.0,28.0,0.15
2025-01-30 08:00:00,11.38633430800908,276.81314217861416,12,17.924072750563923,6.415073358781976,1,20.5,24.5,0.15
2025-01-30 09:00:00,12.21152056827693,379.7942934212282,11,18.588250703039645,6.432079390689059,1,20.5,24.5,0.15
2025-01-30 10:00:00,13.955858169611556,484.55824270529104,13,19.360331581514114,6.378414855264103,1,20.5,24.5,0.15
2025-01-30 11:00:00,16.16087360052108,540.4707119229355,7,20.332305704655358,6.30853980321046,1,20.5,24.5,0.15
2025-01-30 12:00:00,16.901265592989315,556.5465952844779,11,20.27270393792005,0.226235181953299,1,20.5,24.5,0.15
2025-01-30 13:00:00,18.050356075844793,538.7141935242374,8,20.44834289937419,0.31020328175471035,1,20.5,24.5,0.15
2025-01-30 14:00:00,17.970838256552607,473.60469077986323,7,20.424554970491126,0.2763208476908008,1,20.5,24.5,0.15
2025-01-30 15:00:00,18.099737027854744,379.61883798129537,6,20.55108692822167,0.2634169488669059,1,20.5,24.5,0.15
2025-01-30 16:00:00,16.53904636383311,266.31806569359213,13,20.345927559683776,0.29749013264125296,1,20.5,24.5,0.32
2025-01-30 17:00:00,15.942306552488496,125.99584232180797,5,20.38494790009064,0.3246234115144515,1,20.5,24.5,0.32
2025-01-30 18:00:00,14.394654992818422,2.3694861154595652,0,20.0398131840414,0.2418896981295141,0,17.0,28.0,0.32
2025-01-30 19:00:00,12.20238926324238,0.0,0,19.81462859924812,0.2820448951887846,0,17.0,28.0,0.32
2025-01-30 20:00:00,10.212668620428017,0.0,0,20.018250311333595,0.3603948273248126,0,17.0,28.0,0.32
2025-01-30 21:00:00,9.51856562170617,0.0,0,19.5275678902104,0.256988464791145,0,17.0,28.0,0.15
2025-01-30 22:00:00,7.30218546134127,0.0,0,19.367643028426503,0.33479044748659825,0,17.0,28.0,0.15
2025-01-30 23:00:00,5.504245337337082,11.208406514031669,0,18.9468454238698,0.2806107695380402,0,17.0,28.0,0.15
